hole_id,mine_id,zone_id,latitude,longitude,depth_m,dip_deg,azimuth_deg,mn_assay_pct,drill_date
DH-2001,MINE-02,MINE-02-ZONE-E,21.64486,85.94408,168.0,-60,206.7,38.74,2025-10-01
DH-2002,MINE-04,MINE-04-ZONE-C,21.64636,85.91031,109.7,-90,136.9,40.35,2025-10-02
DH-2003,MINE-04,MINE-04-ZONE-E,21.65263,85.90908,122.2,-75,25.6,33.28,2025-10-04
DH-2004,MINE-01,MINE-01-ZONE-C,21.65633,85.94655,241.3,-75,158.1,23.43,2025-10-05
DH-2005,MINE-02,MINE-02-ZONE-D,21.64533,85.94425,174.2,-75,329.8,35.83,2025-10-07
DH-2006,MINE-04,MINE-04-ZONE-A,21.66325,85.91794,181.0,-75,31.7,28.92,2025-10-08
DH-2007,MINE-02,MINE-02-ZONE-E,21.65058,85.93661,274.1,-90,287.8,32.51,2025-10-10
DH-2008,MINE-01,MINE-01-ZONE-E,21.64716,85.9597,151.3,-90,96.2,42.74,2025-10-11
DH-2009,MINE-03,MINE-03-ZONE-E,21.6221,85.95641,112.5,-75,84.1,44.39,2025-10-13
DH-2010,MINE-04,MINE-04-ZONE-B,21.65105,85.91394,251.6,-60,26.9,43.85,2025-10-14
DH-2011,MINE-02,MINE-02-ZONE-C,21.64824,85.93608,199.4,-60,159.7,39.92,2025-10-16
DH-2012,MINE-03,MINE-03-ZONE-E,21.62018,85.94818,157.2,-75,355.6,43.63,2025-10-17
DH-2013,MINE-04,MINE-04-ZONE-D,21.65928,85.91304,260.3,-90,178.8,42.76,2025-10-19
DH-2014,MINE-03,MINE-03-ZONE-B,21.6125,85.93965,224.4,-60,72.3,39.58,2025-10-20
DH-2015,MINE-01,MINE-01-ZONE-C,21.64854,85.94597,160.1,-90,269.6,40.98,2025-10-22
DH-2016,MINE-01,MINE-01-ZONE-E,21.64477,85.96176,85.5,-60,319.4,23.09,2025-10-23
DH-2017,MINE-04,MINE-04-ZONE-E,21.66182,85.90653,141.5,-75,160.1,31.79,2025-10-25
DH-2018,MINE-03,MINE-03-ZONE-E,21.61552,85.95299,273.6,-60,283.2,24.2,2025-10-26
DH-2019,MINE-04,MINE-04-ZONE-E,21.66088,85.90765,88.6,-75,287.5,22.07,2025-10-28
DH-2020,MINE-01,MINE-01-ZONE-C,21.65618,85.94573,84.0,-90,79.8,33.43,2025-10-29
DH-2021,MINE-04,MINE-04-ZONE-E,21.65684,85.91225,81.8,-90,41.2,34.73,2025-10-31
DH-2022,MINE-01,MINE-01-ZONE-E,21.65026,85.95742,132.5,-60,147.9,35.35,2025-11-01
DH-2023,MINE-04,MINE-04-ZONE-C,21.64959,85.91069,118.8,-60,98.4,22.63,2025-11-03
DH-2024,MINE-04,MINE-04-ZONE-D,21.66033,85.90486,226.0,-60,242.6,36.31,2025-11-04
DH-2025,MINE-02,MINE-02-ZONE-B,21.64821,85.93107,116.2,-75,43.2,29.23,2025-11-06
DH-2026,MINE-03,MINE-03-ZONE-D,21.61935,85.96036,97.8,-90,165.6,28.95,2025-11-07
DH-2027,MINE-01,MINE-01-ZONE-E,21.64613,85.95333,227.0,-60,63.8,28.14,2025-11-09
DH-2028,MINE-02,MINE-02-ZONE-E,21.65224,85.94395,195.3,-90,138.4,23.84,2025-11-10
DH-2029,MINE-02,MINE-02-ZONE-A,21.65228,85.94087,230.4,-90,215.2,30.73,2025-11-12
DH-2030,MINE-03,MINE-03-ZONE-A,21.6308,85.94119,222.5,-90,328.5,41.52,2025-11-13
DH-2031,MINE-01,MINE-01-ZONE-C,21.65628,85.94568,178.7,-90,318.1,29.1,2025-11-15
DH-2032,MINE-01,MINE-01-ZONE-B,21.66146,85.95588,157.7,-75,270.9,31.86,2025-11-16
DH-2033,MINE-04,MINE-04-ZONE-E,21.6548,85.91261,252.3,-90,336.3,25.32,2025-11-18
DH-2034,MINE-03,MINE-03-ZONE-A,21.62548,85.93577,242.5,-90,299.2,40.99,2025-11-19
DH-2035,MINE-04,MINE-04-ZONE-D,21.65294,85.90759,195.3,-60,205.4,27.81,2025-11-21
DH-2036,MINE-03,MINE-03-ZONE-C,21.62524,85.93946,233.5,-75,86.8,45.54,2025-11-22
DH-2037,MINE-02,MINE-02-ZONE-E,21.65349,85.94083,115.7,-90,68.8,34.37,2025-11-24
DH-2038,MINE-01,MINE-01-ZONE-C,21.64919,85.94662,240.9,-90,105.8,39.45,2025-11-25
DH-2039,MINE-03,MINE-03-ZONE-D,21.6251,85.96018,76.5,-90,146.2,28.59,2025-11-27
DH-2040,MINE-02,MINE-02-ZONE-D,21.63883,85.94986,169.8,-75,328.9,27.99,2025-11-28
DH-2041,MINE-03,MINE-03-ZONE-E,21.62151,85.95628,277.0,-90,125.1,45.93,2025-11-30
DH-2042,MINE-01,MINE-01-ZONE-E,21.64934,85.95541,185.9,-75,289.3,27.68,2025-12-01
DH-2043,MINE-04,MINE-04-ZONE-B,21.65145,85.91374,93.7,-60,58.3,43.86,2025-12-03
DH-2044,MINE-01,MINE-01-ZONE-A,21.66229,85.94821,118.2,-60,276.1,23.95,2025-12-04
DH-2045,MINE-01,MINE-01-ZONE-E,21.65158,85.95914,249.4,-75,47.1,29.5,2025-12-06
DH-2046,MINE-02,MINE-02-ZONE-B,21.65108,85.93485,169.7,-75,179.1,40.31,2025-12-07
DH-2047,MINE-04,MINE-04-ZONE-C,21.64137,85.90374,118.2,-75,275.0,22.2,2025-12-09
DH-2048,MINE-04,MINE-04-ZONE-C,21.64785,85.90439,172.0,-90,14.5,44.53,2025-12-10
DH-2049,MINE-02,MINE-02-ZONE-E,21.64867,85.9405,167.8,-90,107.9,36.25,2025-12-12
DH-2050,MINE-04,MINE-04-ZONE-D,21.65871,85.90914,97.5,-90,259.6,35.86,2025-12-13
DH-2051,MINE-01,MINE-01-ZONE-E,21.65001,85.96178,165.2,-75,113.0,34.45,2025-12-15
DH-2052,MINE-02,MINE-02-ZONE-D,21.63995,85.95223,125.5,-75,253.8,35.39,2025-12-16
DH-2053,MINE-02,MINE-02-ZONE-B,21.64881,85.93532,119.8,-60,221.6,41.87,2025-12-18
DH-2054,MINE-01,MINE-01-ZONE-B,21.65559,85.95924,177.7,-90,306.1,43.79,2025-12-19
DH-2055,MINE-02,MINE-02-ZONE-E,21.64369,85.94108,83.6,-75,102.4,43.04,2025-12-21
DH-2056,MINE-01,MINE-01-ZONE-C,21.64935,85.95042,165.0,-60,2.5,31.62,2025-12-22
DH-2057,MINE-02,MINE-02-ZONE-E,21.64999,85.94481,140.9,-60,78.9,38.57,2025-12-24
DH-2058,MINE-04,MINE-04-ZONE-E,21.65312,85.91067,214.8,-60,330.2,42.96,2025-12-25
DH-2059,MINE-01,MINE-01-ZONE-C,21.65285,85.94116,89.0,-75,164.4,43.57,2025-12-27
DH-2060,MINE-04,MINE-04-ZONE-C,21.64965,85.90309,265.4,-60,103.4,45.86,2025-12-28
DH-2061,MINE-04,MINE-04-ZONE-C,21.6489,85.90359,278.4,-75,190.4,25.19,2025-12-30
DH-2062,MINE-01,MINE-01-ZONE-C,21.64874,85.94658,214.7,-60,88.1,24.42,2025-12-31
DH-2063,MINE-04,MINE-04-ZONE-E,21.66048,85.90857,252.8,-90,187.7,40.54,2026-01-02
DH-2064,MINE-03,MINE-03-ZONE-C,21.62808,85.94171,109.6,-90,52.0,26.41,2026-01-03
DH-2065,MINE-04,MINE-04-ZONE-E,21.65303,85.91425,189.3,-90,201.2,22.95,2026-01-05
DH-2066,MINE-02,MINE-02-ZONE-E,21.64894,85.93899,117.5,-90,317.8,31.14,2026-01-06
DH-2067,MINE-03,MINE-03-ZONE-A,21.6298,85.93536,181.1,-90,121.5,27.52,2026-01-08
DH-2068,MINE-01,MINE-01-ZONE-B,21.65882,85.96193,110.9,-90,54.4,40.34,2026-01-09
DH-2069,MINE-04,MINE-04-ZONE-B,21.65626,85.91537,170.5,-90,242.7,39.33,2026-01-11
DH-2070,MINE-04,MINE-04-ZONE-D,21.65847,85.9063,242.2,-60,235.3,27.84,2026-01-12
DH-2071,MINE-01,MINE-01-ZONE-C,21.6512,85.94603,204.8,-60,334.4,38.43,2026-01-14
DH-2072,MINE-01,MINE-01-ZONE-C,21.65814,85.94114,156.2,-60,122.6,34.02,2026-01-15
DH-2073,MINE-03,MINE-03-ZONE-C,21.62377,85.93935,127.8,-75,274.1,29.6,2026-01-17
DH-2074,MINE-03,MINE-03-ZONE-C,21.62684,85.94709,219.5,-90,325.9,22.3,2026-01-18
DH-2075,MINE-01,MINE-01-ZONE-C,21.65784,85.94781,169.1,-90,70.4,30.67,2026-01-20
DH-2076,MINE-04,MINE-04-ZONE-E,21.65551,85.91567,104.2,-75,63.9,25.27,2026-01-21
DH-2077,MINE-03,MINE-03-ZONE-E,21.6155,85.95458,242.9,-60,294.8,44.63,2026-01-23
DH-2078,MINE-03,MINE-03-ZONE-B,21.61972,85.94264,261.2,-60,276.8,38.84,2026-01-24
DH-2079,MINE-01,MINE-01-ZONE-E,21.64465,85.95285,151.5,-60,41.8,30.28,2026-01-26
DH-2080,MINE-04,MINE-04-ZONE-C,21.64492,85.91038,198.5,-60,230.6,32.23,2026-01-27
DH-2081,MINE-01,MINE-01-ZONE-D,21.64913,85.94928,200.6,-90,139.9,28.3,2026-01-29
DH-2082,MINE-03,MINE-03-ZONE-D,21.62105,85.95493,167.1,-90,249.6,36.31,2026-01-30
DH-2083,MINE-02,MINE-02-ZONE-C,21.64665,85.94048,97.0,-75,203.6,29.01,2026-02-01
DH-2084,MINE-01,MINE-01-ZONE-B,21.65819,85.96167,156.6,-60,279.2,32.79,2026-02-02
DH-2085,MINE-04,MINE-04-ZONE-D,21.65431,85.90869,131.2,-90,105.3,30.42,2026-02-04
DH-2086,MINE-03,MINE-03-ZONE-D,21.61606,85.95865,229.2,-75,185.6,31.0,2026-02-05
DH-2087,MINE-02,MINE-02-ZONE-B,21.64933,85.93254,180.4,-60,203.8,33.87,2026-02-07
DH-2088,MINE-02,MINE-02-ZONE-E,21.65293,85.93814,204.0,-75,29.7,25.82,2026-02-08
DH-2089,MINE-03,MINE-03-ZONE-C,21.63076,85.94033,140.9,-75,49.4,24.14,2026-02-10
DH-2090,MINE-04,MINE-04-ZONE-E,21.6609,85.90707,82.1,-60,212.2,38.48,2026-02-11
DH-2091,MINE-02,MINE-02-ZONE-B,21.64906,85.93025,257.5,-60,178.2,39.95,2026-02-13
DH-2092,MINE-04,MINE-04-ZONE-C,21.64793,85.91194,229.5,-60,211.5,38.39,2026-02-14
DH-2093,MINE-04,MINE-04-ZONE-C,21.64183,85.90324,77.4,-60,350.8,34.9,2026-02-16
DH-2094,MINE-01,MINE-01-ZONE-C,21.64956,85.94672,72.1,-90,267.0,44.19,2026-02-17
DH-2095,MINE-01,MINE-01-ZONE-C,21.65351,85.94115,249.1,-60,132.4,33.91,2026-02-19
DH-2096,MINE-03,MINE-03-ZONE-D,21.61778,85.95986,130.4,-60,205.8,27.39,2026-02-20
DH-2097,MINE-03,MINE-03-ZONE-A,21.62867,85.93659,124.2,-75,266.2,24.07,2026-02-22
DH-2098,MINE-02,MINE-02-ZONE-C,21.65026,85.94203,62.1,-75,0.5,35.0,2026-02-23
DH-2099,MINE-03,MINE-03-ZONE-C,21.62838,85.94365,272.1,-60,105.0,23.8,2026-02-25
DH-2100,MINE-02,MINE-02-ZONE-B,21.65073,85.93822,79.9,-90,109.5,32.85,2026-02-26
DH-2101,MINE-02,MINE-02-ZONE-C,21.65214,85.93882,198.7,-90,30.3,25.14,2026-02-28
DH-2102,MINE-02,MINE-02-ZONE-A,21.64756,85.93849,195.1,-90,88.5,28.6,2026-03-01
DH-2103,MINE-04,MINE-04-ZONE-A,21.65946,85.91302,119.5,-60,114.8,30.26,2026-03-03
DH-2104,MINE-02,MINE-02-ZONE-C,21.65206,85.94427,72.3,-60,207.2,28.4,2026-03-04
DH-2105,MINE-04,MINE-04-ZONE-A,21.65556,85.91018,72.4,-90,78.8,35.01,2026-03-06
DH-2106,MINE-03,MINE-03-ZONE-A,21.62568,85.94239,234.2,-75,233.7,25.27,2026-03-07
DH-2107,MINE-02,MINE-02-ZONE-A,21.65259,85.94649,146.2,-90,11.7,39.49,2026-03-09
DH-2108,MINE-01,MINE-01-ZONE-D,21.64098,85.94838,152.3,-60,318.4,39.29,2026-03-10
DH-2109,MINE-03,MINE-03-ZONE-C,21.62345,85.94872,275.2,-75,213.9,25.86,2026-03-12
DH-2110,MINE-01,MINE-01-ZONE-A,21.65575,85.94712,192.0,-60,34.9,32.26,2026-03-13
DH-2111,MINE-02,MINE-02-ZONE-A,21.64691,85.93887,69.8,-75,167.4,30.9,2026-03-15
DH-2112,MINE-01,MINE-01-ZONE-B,21.66288,85.95769,177.8,-75,206.2,42.18,2026-03-16
DH-2113,MINE-03,MINE-03-ZONE-E,21.62324,85.95632,237.9,-60,15.4,26.15,2026-03-18
DH-2114,MINE-03,MINE-03-ZONE-C,21.63127,85.9445,261.8,-60,283.2,35.25,2026-03-19
DH-2115,MINE-04,MINE-04-ZONE-E,21.65924,85.90659,255.7,-75,248.6,36.61,2026-03-21
DH-2116,MINE-02,MINE-02-ZONE-C,21.65364,85.93953,241.7,-75,262.4,25.23,2026-03-22
DH-2117,MINE-03,MINE-03-ZONE-E,21.617,85.94859,141.0,-75,181.8,23.21,2026-03-24
DH-2118,MINE-02,MINE-02-ZONE-B,21.6502,85.9299,231.7,-90,3.2,28.46,2026-03-25
DH-2119,MINE-03,MINE-03-ZONE-B,21.61378,85.93972,174.5,-90,143.0,33.02,2026-03-27
DH-2120,MINE-02,MINE-02-ZONE-D,21.64631,85.94511,216.4,-90,107.6,37.37,2026-03-28
DH-2121,MINE-02,MINE-02-ZONE-E,21.64779,85.93928,67.8,-90,358.1,28.23,2026-03-30
DH-2122,MINE-04,MINE-04-ZONE-C,21.64128,85.90368,116.9,-90,274.7,26.35,2026-03-31
DH-2123,MINE-03,MINE-03-ZONE-E,21.61811,85.95526,188.4,-90,25.6,42.43,2026-04-02
DH-2124,MINE-03,MINE-03-ZONE-E,21.62202,85.9484,77.8,-75,227.2,25.44,2026-04-03
DH-2125,MINE-03,MINE-03-ZONE-D,21.61933,85.96035,144.3,-60,192.2,37.2,2026-04-05
DH-2126,MINE-01,MINE-01-ZONE-E,21.65341,85.95539,101.5,-75,6.9,30.23,2026-04-06
DH-2127,MINE-04,MINE-04-ZONE-C,21.64624,85.90288,83.8,-60,17.4,36.96,2026-04-08
DH-2128,MINE-02,MINE-02-ZONE-D,21.64471,85.94669,257.7,-90,258.8,36.95,2026-04-09
DH-2129,MINE-04,MINE-04-ZONE-C,21.64238,85.91173,132.7,-60,4.6,33.91,2026-04-11
DH-2130,MINE-02,MINE-02-ZONE-E,21.6441,85.94353,252.3,-75,129.7,28.34,2026-04-12
DH-2131,MINE-03,MINE-03-ZONE-D,21.62327,85.95183,213.2,-60,353.4,37.57,2026-04-14
DH-2132,MINE-01,MINE-01-ZONE-E,21.64928,85.96068,157.0,-60,94.2,33.59,2026-04-15
DH-2133,MINE-03,MINE-03-ZONE-C,21.63096,85.94822,194.8,-60,231.6,25.57,2026-04-17
DH-2134,MINE-03,MINE-03-ZONE-C,21.62505,85.94389,236.3,-75,31.7,31.68,2026-04-18
DH-2135,MINE-03,MINE-03-ZONE-A,21.62464,85.93513,160.0,-90,276.3,30.72,2026-04-20
DH-2136,MINE-03,MINE-03-ZONE-C,21.63095,85.94121,134.3,-75,16.7,27.17,2026-04-21
DH-2137,MINE-04,MINE-04-ZONE-E,21.65552,85.91501,152.1,-90,329.7,36.55,2026-04-23
DH-2138,MINE-03,MINE-03-ZONE-A,21.63346,85.93923,104.2,-90,257.2,39.08,2026-04-24
DH-2139,MINE-01,MINE-01-ZONE-A,21.65333,85.94107,118.7,-60,354.1,31.14,2026-04-26
DH-2140,MINE-03,MINE-03-ZONE-A,21.62464,85.94034,104.7,-75,298.8,45.18,2026-04-27
DH-2141,MINE-01,MINE-01-ZONE-E,21.65369,85.95777,230.2,-90,221.6,22.96,2026-04-29
DH-2142,MINE-04,MINE-04-ZONE-C,21.65011,85.90249,207.2,-75,86.5,41.77,2026-04-30
DH-2143,MINE-02,MINE-02-ZONE-A,21.65083,85.94233,197.9,-60,241.3,45.32,2026-05-02
DH-2144,MINE-01,MINE-01-ZONE-E,21.65157,85.95218,76.1,-60,285.9,22.57,2026-05-03
DH-2145,MINE-02,MINE-02-ZONE-E,21.64798,85.93935,205.4,-75,56.3,40.37,2026-05-05
DH-2146,MINE-03,MINE-03-ZONE-B,21.61171,85.94545,91.1,-60,1.8,44.98,2026-05-06
DH-2147,MINE-04,MINE-04-ZONE-C,21.64702,85.90491,103.4,-90,175.4,23.76,2026-05-08
DH-2148,MINE-03,MINE-03-ZONE-A,21.62632,85.9403,155.9,-75,48.4,27.91,2026-05-09
DH-2149,MINE-04,MINE-04-ZONE-D,21.65187,85.90591,256.7,-90,170.0,27.11,2026-05-11
DH-2150,MINE-04,MINE-04-ZONE-E,21.65987,85.9076,95.0,-90,341.5,38.42,2026-05-12
DH-2151,MINE-02,MINE-02-ZONE-D,21.64033,85.94794,98.2,-90,136.3,42.04,2026-05-14
DH-2152,MINE-01,MINE-01-ZONE-D,21.64465,85.9473,84.9,-90,172.4,37.87,2026-05-15
DH-2153,MINE-02,MINE-02-ZONE-A,21.6449,85.94658,191.9,-90,229.5,28.2,2026-05-17
DH-2154,MINE-01,MINE-01-ZONE-E,21.64642,85.9604,171.0,-75,297.5,24.61,2026-05-18
DH-2155,MINE-03,MINE-03-ZONE-C,21.63075,85.94838,244.2,-90,35.2,30.41,2026-05-20
DH-2156,MINE-04,MINE-04-ZONE-B,21.65097,85.91905,211.3,-75,147.2,24.83,2026-05-21
DH-2157,MINE-04,MINE-04-ZONE-C,21.644,85.90795,115.8,-75,208.0,33.58,2026-05-23
DH-2158,MINE-01,MINE-01-ZONE-C,21.65062,85.9414,68.3,-75,335.0,23.54,2026-05-24
DH-2159,MINE-02,MINE-02-ZONE-C,21.65064,85.9387,204.1,-60,31.3,36.76,2026-05-26
DH-2160,MINE-02,MINE-02-ZONE-B,21.65014,85.92975,98.5,-90,38.3,32.91,2026-05-27
DH-2161,MINE-04,MINE-04-ZONE-A,21.66137,85.91941,160.9,-75,322.7,40.48,2026-05-29
DH-2162,MINE-02,MINE-02-ZONE-D,21.63863,85.94924,240.6,-60,199.6,27.96,2026-05-30
DH-2163,MINE-02,MINE-02-ZONE-D,21.63973,85.945,196.1,-60,280.4,26.96,2026-06-01
DH-2164,MINE-04,MINE-04-ZONE-D,21.65641,85.91314,261.5,-75,143.2,42.85,2026-06-02
DH-2165,MINE-02,MINE-02-ZONE-D,21.64383,85.94616,169.7,-60,150.9,33.31,2026-06-04
DH-2166,MINE-01,MINE-01-ZONE-A,21.6578,85.95046,246.9,-90,192.2,26.24,2026-06-05
DH-2167,MINE-02,MINE-02-ZONE-D,21.64182,85.94601,209.5,-90,71.6,30.26,2026-06-07
DH-2168,MINE-03,MINE-03-ZONE-A,21.62727,85.93581,118.8,-90,142.4,27.48,2026-06-08
DH-2169,MINE-04,MINE-04-ZONE-A,21.65406,85.91377,228.3,-60,37.4,35.16,2026-06-10
DH-2170,MINE-02,MINE-02-ZONE-A,21.64767,85.94449,253.0,-75,188.4,36.18,2026-06-11
DH-2171,MINE-04,MINE-04-ZONE-E,21.65237,85.90994,150.6,-90,157.4,27.55,2026-06-13
DH-2172,MINE-02,MINE-02-ZONE-D,21.64513,85.95059,150.8,-60,65.7,28.83,2026-06-14
DH-2173,MINE-01,MINE-01-ZONE-A,21.65622,85.94362,235.9,-75,166.9,33.85,2026-06-16
DH-2174,MINE-01,MINE-01-ZONE-A,21.66048,85.94299,229.7,-75,89.0,24.93,2026-06-17
DH-2175,MINE-04,MINE-04-ZONE-C,21.64283,85.90879,103.7,-60,310.9,34.5,2026-06-19
DH-2176,MINE-04,MINE-04-ZONE-A,21.65535,85.91751,114.7,-75,32.9,38.52,2026-06-20
DH-2177,MINE-03,MINE-03-ZONE-E,21.61883,85.9515,184.7,-90,125.2,35.42,2026-06-22
DH-2178,MINE-03,MINE-03-ZONE-C,21.62953,85.94696,93.9,-75,116.1,26.56,2026-06-23
DH-2179,MINE-04,MINE-04-ZONE-A,21.66212,85.91448,200.6,-75,200.9,44.28,2026-06-25
DH-2180,MINE-04,MINE-04-ZONE-D,21.65329,85.91079,151.3,-60,275.9,37.01,2026-06-26
DH-2181,MINE-04,MINE-04-ZONE-D,21.65525,85.9088,223.8,-75,346.2,35.1,2026-06-28
DH-2182,MINE-04,MINE-04-ZONE-B,21.66016,85.91405,68.3,-75,56.2,35.35,2026-06-29
DH-2183,MINE-04,MINE-04-ZONE-E,21.65267,85.91428,143.9,-60,331.9,37.41,2026-07-01
DH-2184,MINE-04,MINE-04-ZONE-B,21.65243,85.91924,279.4,-75,271.0,38.75,2026-07-02
DH-2185,MINE-02,MINE-02-ZONE-C,21.64656,85.9394,210.6,-90,32.3,27.82,2026-07-04
DH-2186,MINE-04,MINE-04-ZONE-E,21.66099,85.9144,63.0,-90,289.5,44.24,2026-07-05
DH-2187,MINE-02,MINE-02-ZONE-A,21.64511,85.94397,119.7,-75,235.7,23.44,2026-07-07
DH-2188,MINE-04,MINE-04-ZONE-B,21.6519,85.91565,250.7,-90,31.7,45.44,2026-07-08
DH-2189,MINE-03,MINE-03-ZONE-B,21.61462,85.94666,275.3,-75,292.3,30.53,2026-07-10
DH-2190,MINE-03,MINE-03-ZONE-E,21.61547,85.94799,179.1,-60,310.5,35.01,2026-07-11
DH-2191,MINE-01,MINE-01-ZONE-A,21.6616,85.94464,150.5,-75,268.4,40.37,2026-07-13
DH-2192,MINE-04,MINE-04-ZONE-A,21.65544,85.91206,149.9,-60,333.2,33.37,2026-07-14
DH-2193,MINE-03,MINE-03-ZONE-A,21.63349,85.93862,178.0,-90,315.3,31.46,2026-07-16
DH-2194,MINE-01,MINE-01-ZONE-B,21.6591,85.96234,230.2,-75,166.1,26.56,2026-07-17
DH-2195,MINE-03,MINE-03-ZONE-E,21.62053,85.94862,160.0,-75,116.7,36.17,2026-07-19
DH-2196,MINE-02,MINE-02-ZONE-A,21.64361,85.94008,220.6,-75,104.0,40.46,2026-07-20
DH-2197,MINE-02,MINE-02-ZONE-C,21.65049,85.93964,157.2,-90,216.0,27.2,2026-07-22
DH-2198,MINE-04,MINE-04-ZONE-D,21.65448,85.9125,70.8,-75,357.7,42.11,2026-07-23
DH-2199,MINE-02,MINE-02-ZONE-E,21.65258,85.9436,226.9,-90,23.4,29.75,2026-07-25
DH-2200,MINE-02,MINE-02-ZONE-E,21.65208,85.938,186.5,-90,127.4,32.25,2026-07-26
DH-2201,MINE-03,MINE-03-ZONE-E,21.61458,85.95508,235.9,-75,149.1,37.01,2026-07-28
DH-2202,MINE-02,MINE-02-ZONE-A,21.65144,85.94622,165.4,-75,287.0,26.66,2026-07-29
DH-2203,MINE-01,MINE-01-ZONE-A,21.65655,85.94584,96.5,-90,140.2,30.14,2026-07-31
DH-2204,MINE-01,MINE-01-ZONE-E,21.65364,85.95912,175.2,-75,51.6,26.57,2026-08-01
DH-2205,MINE-04,MINE-04-ZONE-E,21.65563,85.91509,82.7,-90,268.4,42.93,2026-08-03
DH-2206,MINE-02,MINE-02-ZONE-D,21.64728,85.9481,82.5,-90,126.1,24.75,2026-08-04
DH-2207,MINE-04,MINE-04-ZONE-E,21.65859,85.9131,158.1,-75,112.5,43.39,2026-08-06
DH-2208,MINE-03,MINE-03-ZONE-E,21.61984,85.95426,163.5,-60,51.7,29.45,2026-08-07
DH-2209,MINE-01,MINE-01-ZONE-C,21.65373,85.94461,151.0,-90,87.7,41.02,2026-08-09
DH-2210,MINE-01,MINE-01-ZONE-C,21.65552,85.94897,85.2,-90,166.6,39.74,2026-08-10
DH-2211,MINE-04,MINE-04-ZONE-E,21.65426,85.91302,129.7,-90,286.0,35.87,2026-08-12
DH-2212,MINE-04,MINE-04-ZONE-D,21.65468,85.90713,143.9,-90,76.0,31.46,2026-08-13
DH-2213,MINE-01,MINE-01-ZONE-A,21.66165,85.94708,274.5,-60,30.5,25.46,2026-08-15
DH-2214,MINE-01,MINE-01-ZONE-B,21.66175,85.95463,165.9,-90,28.8,35.64,2026-08-16
DH-2215,MINE-04,MINE-04-ZONE-A,21.65712,85.91333,275.1,-75,104.1,35.78,2026-08-18
DH-2216,MINE-04,MINE-04-ZONE-E,21.65715,85.90747,76.9,-75,90.7,22.66,2026-08-19
DH-2217,MINE-03,MINE-03-ZONE-D,21.61768,85.9551,200.3,-60,208.0,40.49,2026-08-21
DH-2218,MINE-02,MINE-02-ZONE-E,21.64809,85.94218,271.6,-90,344.1,44.25,2026-08-22
DH-2219,MINE-03,MINE-03-ZONE-C,21.62945,85.94172,207.8,-60,187.2,33.07,2026-08-24
DH-2220,MINE-01,MINE-01-ZONE-D,21.64655,85.94776,228.0,-90,203.8,24.07,2026-08-25
DH-2221,MINE-03,MINE-03-ZONE-A,21.63191,85.93567,73.7,-75,119.8,28.18,2026-08-27
DH-2222,MINE-03,MINE-03-ZONE-D,21.62173,85.95983,217.4,-60,12.5,27.24,2026-08-28
DH-2223,MINE-03,MINE-03-ZONE-C,21.62785,85.9487,167.9,-75,145.4,35.79,2026-08-30
DH-2224,MINE-02,MINE-02-ZONE-B,21.64649,85.93354,102.0,-90,140.4,26.24,2026-08-31
DH-2225,MINE-01,MINE-01-ZONE-C,21.65483,85.9456,272.3,-75,348.0,41.03,2026-09-02
DH-2226,MINE-01,MINE-01-ZONE-E,21.64673,85.95252,221.8,-75,235.4,39.79,2026-09-03
DH-2227,MINE-04,MINE-04-ZONE-E,21.66034,85.91046,238.5,-90,244.2,27.29,2026-09-05
DH-2228,MINE-04,MINE-04-ZONE-D,21.6525,85.91177,194.7,-60,5.6,22.98,2026-09-06
DH-2229,MINE-01,MINE-01-ZONE-B,21.66187,85.95962,79.4,-75,125.2,36.31,2026-09-08
DH-2230,MINE-02,MINE-02-ZONE-B,21.64804,85.93767,210.8,-75,179.1,28.63,2026-09-09
DH-2231,MINE-04,MINE-04-ZONE-C,21.64815,85.90725,85.5,-60,259.7,26.22,2026-09-11
DH-2232,MINE-02,MINE-02-ZONE-B,21.65586,85.93172,88.0,-90,204.7,37.17,2026-09-12
DH-2233,MINE-04,MINE-04-ZONE-A,21.65596,85.91453,161.8,-60,262.8,42.69,2026-09-14
DH-2234,MINE-01,MINE-01-ZONE-A,21.65687,85.94268,138.8,-60,233.2,38.64,2026-09-15
DH-2235,MINE-02,MINE-02-ZONE-A,21.6468,85.94164,199.3,-90,25.5,40.96,2026-09-17
DH-2236,MINE-04,MINE-04-ZONE-C,21.64591,85.91014,90.4,-75,85.9,38.92,2026-09-18
DH-2237,MINE-03,MINE-03-ZONE-D,21.61593,85.95415,167.0,-90,298.6,28.65,2026-09-20
DH-2238,MINE-01,MINE-01-ZONE-C,21.65116,85.94757,169.2,-60,187.4,24.62,2026-09-21
DH-2239,MINE-04,MINE-04-ZONE-C,21.64334,85.90372,233.7,-60,284.1,32.69,2026-09-23
DH-2240,MINE-02,MINE-02-ZONE-A,21.65003,85.94366,93.8,-60,42.1,42.14,2026-09-24
