maint_id,equipment_id,date,maintenance_type,description,cost_inr,status
MNT-20001,LD-104,2025-12-20,OVERHAUL,OVERHAUL service for Loader component wear,50925.93,COMPLETED
MNT-20002,LD-134,2026-07-10,CORRECTIVE,CORRECTIVE service for Loader component wear,96438.11,SCHEDULED
MNT-20003,HT-117,2025-09-28,INSPECTION,INSPECTION service for Haul truck component wear,32922.17,COMPLETED
MNT-20004,EX-101,2026-09-07,INSPECTION,INSPECTION service for Excavator component wear,192648.12,SCHEDULED
MNT-20005,LD-134,2026-03-31,PREVENTIVE,PREVENTIVE service for Loader component wear,54698.72,SCHEDULED
MNT-20006,HT-102,2026-03-17,PREVENTIVE,PREVENTIVE service for Haul truck component wear,212525.38,IN_PROGRESS
MNT-20007,LD-129,2025-11-08,OVERHAUL,OVERHAUL service for Loader component wear,142108.74,COMPLETED
MNT-20008,CR-115,2026-08-23,CORRECTIVE,CORRECTIVE service for Crusher component wear,197407.76,IN_PROGRESS
MNT-20009,EX-106,2026-01-29,INSPECTION,INSPECTION service for Excavator component wear,150104.09,IN_PROGRESS
MNT-20010,DR-123,2026-01-29,PREVENTIVE,PREVENTIVE service for Drill rig component wear,55115.58,SCHEDULED
MNT-20011,EX-111,2026-02-17,CORRECTIVE,CORRECTIVE service for Excavator component wear,51804.32,COMPLETED
MNT-20012,DR-133,2026-08-30,PREVENTIVE,PREVENTIVE service for Drill rig component wear,98786.41,SCHEDULED
MNT-20013,HT-112,2025-10-15,OVERHAUL,OVERHAUL service for Haul truck component wear,47592.55,IN_PROGRESS
MNT-20014,EX-126,2026-06-28,PREVENTIVE,PREVENTIVE service for Excavator component wear,43246.58,COMPLETED
MNT-20015,HT-127,2026-07-28,INSPECTION,INSPECTION service for Haul truck component wear,54067.47,COMPLETED
MNT-20016,EX-121,2025-10-20,INSPECTION,INSPECTION service for Excavator component wear,188117.4,SCHEDULED
MNT-20017,LD-109,2026-02-10,PREVENTIVE,PREVENTIVE service for Loader component wear,69445.7,SCHEDULED
MNT-20018,LD-119,2026-01-21,PREVENTIVE,PREVENTIVE service for Loader component wear,73060.24,SCHEDULED
MNT-20019,EX-111,2026-03-27,PREVENTIVE,PREVENTIVE service for Excavator component wear,189339.24,COMPLETED
MNT-20020,HT-132,2026-01-27,INSPECTION,INSPECTION service for Haul truck component wear,206309.7,COMPLETED
MNT-20021,EX-136,2026-01-16,OVERHAUL,OVERHAUL service for Excavator component wear,84486.64,SCHEDULED
MNT-20022,CR-115,2026-05-25,INSPECTION,INSPECTION service for Crusher component wear,98373.32,COMPLETED
MNT-20023,DR-118,2025-12-09,OVERHAUL,OVERHAUL service for Drill rig component wear,188283.67,COMPLETED
MNT-20024,DR-113,2026-01-14,PREVENTIVE,PREVENTIVE service for Drill rig component wear,137843.16,SCHEDULED
MNT-20025,HT-117,2025-11-09,OVERHAUL,OVERHAUL service for Haul truck component wear,145806.9,SCHEDULED
MNT-20026,EX-116,2025-11-25,PREVENTIVE,PREVENTIVE service for Excavator component wear,136105.45,COMPLETED
MNT-20027,HT-122,2025-10-20,OVERHAUL,OVERHAUL service for Haul truck component wear,235278.15,SCHEDULED
MNT-20028,HT-132,2026-08-25,PREVENTIVE,PREVENTIVE service for Haul truck component wear,93626.28,COMPLETED
MNT-20029,EX-121,2025-11-20,CORRECTIVE,CORRECTIVE service for Excavator component wear,229156.75,IN_PROGRESS
MNT-20030,HT-132,2025-12-17,PREVENTIVE,PREVENTIVE service for Haul truck component wear,28948.16,COMPLETED
MNT-20031,EX-131,2026-01-28,OVERHAUL,OVERHAUL service for Excavator component wear,75431.56,SCHEDULED
MNT-20032,CR-115,2026-07-08,PREVENTIVE,PREVENTIVE service for Crusher component wear,177576.53,IN_PROGRESS
MNT-20033,DR-108,2026-05-27,OVERHAUL,OVERHAUL service for Drill rig component wear,215715.86,COMPLETED
MNT-20034,HT-102,2026-01-01,OVERHAUL,OVERHAUL service for Haul truck component wear,98788.03,SCHEDULED
MNT-20035,DR-133,2026-09-08,OVERHAUL,OVERHAUL service for Drill rig component wear,230108.82,SCHEDULED
MNT-20036,EX-126,2026-03-08,INSPECTION,INSPECTION service for Excavator component wear,192263.34,IN_PROGRESS
MNT-20037,LD-119,2026-02-10,INSPECTION,INSPECTION service for Loader component wear,110142.41,COMPLETED
MNT-20038,LD-129,2025-11-29,CORRECTIVE,CORRECTIVE service for Loader component wear,107533.14,SCHEDULED
MNT-20039,LD-104,2026-02-17,INSPECTION,INSPECTION service for Loader component wear,76879.38,COMPLETED
MNT-20040,EX-101,2026-07-03,PREVENTIVE,PREVENTIVE service for Excavator component wear,142659.33,COMPLETED
MNT-20041,DR-128,2026-06-12,CORRECTIVE,CORRECTIVE service for Drill rig component wear,132751.61,COMPLETED
MNT-20042,DR-123,2025-11-27,OVERHAUL,OVERHAUL service for Drill rig component wear,16115.58,COMPLETED
MNT-20043,EX-116,2026-03-26,PREVENTIVE,PREVENTIVE service for Excavator component wear,109506.14,COMPLETED
MNT-20044,EX-126,2026-07-29,OVERHAUL,OVERHAUL service for Excavator component wear,128540.53,IN_PROGRESS
MNT-20045,LD-124,2025-11-27,INSPECTION,INSPECTION service for Loader component wear,113402.89,IN_PROGRESS
MNT-20046,EX-136,2025-10-17,CORRECTIVE,CORRECTIVE service for Excavator component wear,171613.26,COMPLETED
MNT-20047,DR-128,2025-12-30,INSPECTION,INSPECTION service for Drill rig component wear,125421.89,COMPLETED
MNT-20048,CR-130,2026-03-01,CORRECTIVE,CORRECTIVE service for Crusher component wear,76481.84,SCHEDULED
MNT-20049,EX-136,2025-10-25,CORRECTIVE,CORRECTIVE service for Excavator component wear,94501.21,IN_PROGRESS
MNT-20050,CR-125,2026-02-05,CORRECTIVE,CORRECTIVE service for Crusher component wear,158306.33,SCHEDULED
MNT-20051,CR-115,2026-07-31,CORRECTIVE,CORRECTIVE service for Crusher component wear,17684.65,SCHEDULED
MNT-20052,DR-123,2026-01-22,OVERHAUL,OVERHAUL service for Drill rig component wear,46877.58,SCHEDULED
MNT-20053,EX-126,2025-10-12,OVERHAUL,OVERHAUL service for Excavator component wear,59228.41,SCHEDULED
MNT-20054,EX-136,2026-05-18,CORRECTIVE,CORRECTIVE service for Excavator component wear,83215.74,COMPLETED
MNT-20055,EX-106,2025-11-03,OVERHAUL,OVERHAUL service for Excavator component wear,160559.3,SCHEDULED
MNT-20056,HT-132,2026-02-23,INSPECTION,INSPECTION service for Haul truck component wear,244894.49,IN_PROGRESS
MNT-20057,HT-132,2026-01-02,INSPECTION,INSPECTION service for Haul truck component wear,216210.25,COMPLETED
MNT-20058,DR-118,2026-07-19,PREVENTIVE,PREVENTIVE service for Drill rig component wear,150342.04,IN_PROGRESS
MNT-20059,CR-130,2026-06-21,PREVENTIVE,PREVENTIVE service for Crusher component wear,156741.34,IN_PROGRESS
MNT-20060,CR-125,2026-03-12,INSPECTION,INSPECTION service for Crusher component wear,237264.87,COMPLETED
MNT-20061,CR-125,2025-11-08,PREVENTIVE,PREVENTIVE service for Crusher component wear,170881.04,SCHEDULED
MNT-20062,HT-117,2025-10-01,OVERHAUL,OVERHAUL service for Haul truck component wear,125483.36,IN_PROGRESS
MNT-20063,CR-135,2026-07-15,PREVENTIVE,PREVENTIVE service for Crusher component wear,231790.55,SCHEDULED
MNT-20064,HT-102,2026-02-18,PREVENTIVE,PREVENTIVE service for Haul truck component wear,180853.99,IN_PROGRESS
MNT-20065,EX-121,2026-04-28,OVERHAUL,OVERHAUL service for Excavator component wear,224245.68,COMPLETED
MNT-20066,EX-131,2025-12-12,PREVENTIVE,PREVENTIVE service for Excavator component wear,225993.02,SCHEDULED
MNT-20067,DR-133,2026-05-12,INSPECTION,INSPECTION service for Drill rig component wear,203440.99,SCHEDULED
MNT-20068,DR-128,2026-07-13,PREVENTIVE,PREVENTIVE service for Drill rig component wear,105993.3,SCHEDULED
MNT-20069,CR-130,2025-12-22,CORRECTIVE,CORRECTIVE service for Crusher component wear,111392.33,IN_PROGRESS
MNT-20070,CR-105,2025-11-20,PREVENTIVE,PREVENTIVE service for Crusher component wear,76967.22,IN_PROGRESS
MNT-20071,LD-129,2026-07-02,INSPECTION,INSPECTION service for Loader component wear,120574.64,COMPLETED
MNT-20072,CR-110,2026-04-06,OVERHAUL,OVERHAUL service for Crusher component wear,205165.97,SCHEDULED
MNT-20073,EX-111,2026-06-29,PREVENTIVE,PREVENTIVE service for Excavator component wear,145008.37,COMPLETED
MNT-20074,DR-108,2025-12-15,INSPECTION,INSPECTION service for Drill rig component wear,193162.88,SCHEDULED
MNT-20075,CR-135,2026-06-08,OVERHAUL,OVERHAUL service for Crusher component wear,229272.11,COMPLETED
MNT-20076,HT-117,2026-07-13,PREVENTIVE,PREVENTIVE service for Haul truck component wear,161762.34,IN_PROGRESS
MNT-20077,HT-102,2026-08-13,OVERHAUL,OVERHAUL service for Haul truck component wear,38481.34,SCHEDULED
MNT-20078,DR-123,2026-09-02,OVERHAUL,OVERHAUL service for Drill rig component wear,220781.94,COMPLETED
MNT-20079,CR-130,2026-01-15,PREVENTIVE,PREVENTIVE service for Crusher component wear,180946.96,IN_PROGRESS
MNT-20080,LD-114,2026-05-12,INSPECTION,INSPECTION service for Loader component wear,62752.43,SCHEDULED
MNT-20081,EX-121,2026-03-28,INSPECTION,INSPECTION service for Excavator component wear,243171.56,COMPLETED
MNT-20082,HT-132,2025-11-23,INSPECTION,INSPECTION service for Haul truck component wear,191573.37,IN_PROGRESS
MNT-20083,HT-117,2026-06-28,PREVENTIVE,PREVENTIVE service for Haul truck component wear,78681.09,IN_PROGRESS
MNT-20084,EX-101,2025-09-23,PREVENTIVE,PREVENTIVE service for Excavator component wear,190391.34,IN_PROGRESS
MNT-20085,DR-103,2026-05-06,OVERHAUL,OVERHAUL service for Drill rig component wear,111419.91,COMPLETED
MNT-20086,EX-116,2025-11-22,PREVENTIVE,PREVENTIVE service for Excavator component wear,185747.45,IN_PROGRESS
MNT-20087,DR-103,2026-05-06,INSPECTION,INSPECTION service for Drill rig component wear,52343.12,IN_PROGRESS
MNT-20088,LD-134,2025-12-12,CORRECTIVE,CORRECTIVE service for Loader component wear,187249.47,SCHEDULED
MNT-20089,HT-122,2026-02-24,CORRECTIVE,CORRECTIVE service for Haul truck component wear,121561.25,COMPLETED
MNT-20090,DR-118,2026-01-31,INSPECTION,INSPECTION service for Drill rig component wear,150294.95,SCHEDULED
MNT-20091,CR-110,2026-03-31,PREVENTIVE,PREVENTIVE service for Crusher component wear,202286.13,SCHEDULED
MNT-20092,EX-131,2026-09-09,CORRECTIVE,CORRECTIVE service for Excavator component wear,205925.23,IN_PROGRESS
MNT-20093,EX-121,2026-02-09,INSPECTION,INSPECTION service for Excavator component wear,187199.55,IN_PROGRESS
MNT-20094,DR-133,2026-05-15,CORRECTIVE,CORRECTIVE service for Drill rig component wear,239366.17,IN_PROGRESS
MNT-20095,CR-105,2025-10-21,OVERHAUL,OVERHAUL service for Crusher component wear,59065.84,SCHEDULED
MNT-20096,CR-110,2026-03-21,PREVENTIVE,PREVENTIVE service for Crusher component wear,202082.29,SCHEDULED
MNT-20097,HT-132,2026-05-14,PREVENTIVE,PREVENTIVE service for Haul truck component wear,146187.64,COMPLETED
MNT-20098,EX-126,2025-09-22,PREVENTIVE,PREVENTIVE service for Excavator component wear,126734.01,COMPLETED
MNT-20099,HT-102,2026-01-30,PREVENTIVE,PREVENTIVE service for Haul truck component wear,241308.0,COMPLETED
MNT-20100,DR-123,2026-04-02,PREVENTIVE,PREVENTIVE service for Drill rig component wear,25984.22,COMPLETED
MNT-20101,DR-113,2025-11-10,INSPECTION,INSPECTION service for Drill rig component wear,175288.18,IN_PROGRESS
MNT-20102,CR-130,2026-03-20,CORRECTIVE,CORRECTIVE service for Crusher component wear,127869.75,COMPLETED
MNT-20103,LD-129,2025-11-16,CORRECTIVE,CORRECTIVE service for Loader component wear,222116.42,SCHEDULED
MNT-20104,CR-130,2025-11-12,INSPECTION,INSPECTION service for Crusher component wear,116044.0,SCHEDULED
MNT-20105,EX-121,2025-09-25,INSPECTION,INSPECTION service for Excavator component wear,220236.3,IN_PROGRESS
MNT-20106,HT-112,2026-09-12,INSPECTION,INSPECTION service for Haul truck component wear,51961.78,SCHEDULED
MNT-20107,HT-102,2026-09-08,OVERHAUL,OVERHAUL service for Haul truck component wear,64504.92,SCHEDULED
MNT-20108,HT-107,2026-05-28,INSPECTION,INSPECTION service for Haul truck component wear,123535.92,COMPLETED
MNT-20109,EX-111,2026-05-03,PREVENTIVE,PREVENTIVE service for Excavator component wear,48801.6,IN_PROGRESS
MNT-20110,CR-120,2026-01-25,PREVENTIVE,PREVENTIVE service for Crusher component wear,108122.68,COMPLETED
MNT-20111,CR-105,2026-03-03,OVERHAUL,OVERHAUL service for Crusher component wear,248968.68,IN_PROGRESS
MNT-20112,EX-131,2025-11-24,OVERHAUL,OVERHAUL service for Excavator component wear,113357.3,IN_PROGRESS
MNT-20113,CR-125,2026-05-18,CORRECTIVE,CORRECTIVE service for Crusher component wear,245554.44,COMPLETED
MNT-20114,LD-114,2026-05-02,PREVENTIVE,PREVENTIVE service for Loader component wear,106833.52,COMPLETED
MNT-20115,EX-121,2026-09-15,OVERHAUL,OVERHAUL service for Excavator component wear,22711.41,COMPLETED
MNT-20116,EX-126,2025-10-24,CORRECTIVE,CORRECTIVE service for Excavator component wear,75481.09,SCHEDULED
MNT-20117,EX-131,2026-01-14,PREVENTIVE,PREVENTIVE service for Excavator component wear,218307.31,COMPLETED
MNT-20118,LD-104,2026-04-30,INSPECTION,INSPECTION service for Loader component wear,118177.36,IN_PROGRESS
MNT-20119,EX-121,2026-02-14,PREVENTIVE,PREVENTIVE service for Excavator component wear,91215.63,SCHEDULED
MNT-20120,HT-112,2026-02-10,CORRECTIVE,CORRECTIVE service for Haul truck component wear,162394.33,SCHEDULED
MNT-20121,DR-108,2026-09-10,INSPECTION,INSPECTION service for Drill rig component wear,244791.64,IN_PROGRESS
MNT-20122,CR-115,2026-03-11,CORRECTIVE,CORRECTIVE service for Crusher component wear,179799.68,SCHEDULED
MNT-20123,DR-128,2025-10-28,INSPECTION,INSPECTION service for Drill rig component wear,144285.18,COMPLETED
MNT-20124,LD-124,2026-07-01,PREVENTIVE,PREVENTIVE service for Loader component wear,71343.71,SCHEDULED
MNT-20125,DR-103,2026-03-10,INSPECTION,INSPECTION service for Drill rig component wear,67722.57,COMPLETED
MNT-20126,CR-115,2026-04-02,INSPECTION,INSPECTION service for Crusher component wear,216455.55,SCHEDULED
MNT-20127,EX-136,2026-04-06,OVERHAUL,OVERHAUL service for Excavator component wear,98871.06,IN_PROGRESS
MNT-20128,LD-109,2026-04-18,PREVENTIVE,PREVENTIVE service for Loader component wear,89096.17,COMPLETED
MNT-20129,LD-129,2025-09-26,OVERHAUL,OVERHAUL service for Loader component wear,171414.62,IN_PROGRESS
MNT-20130,EX-101,2026-03-26,CORRECTIVE,CORRECTIVE service for Excavator component wear,161380.2,IN_PROGRESS
MNT-20131,DR-103,2026-07-05,INSPECTION,INSPECTION service for Drill rig component wear,139926.62,IN_PROGRESS
MNT-20132,LD-119,2025-11-07,CORRECTIVE,CORRECTIVE service for Loader component wear,196523.45,IN_PROGRESS
MNT-20133,CR-135,2026-07-19,INSPECTION,INSPECTION service for Crusher component wear,169113.09,IN_PROGRESS
MNT-20134,EX-136,2026-04-12,CORRECTIVE,CORRECTIVE service for Excavator component wear,220450.17,COMPLETED
MNT-20135,EX-121,2026-04-29,PREVENTIVE,PREVENTIVE service for Excavator component wear,23223.08,SCHEDULED
MNT-20136,HT-112,2026-03-11,OVERHAUL,OVERHAUL service for Haul truck component wear,29783.52,COMPLETED
MNT-20137,EX-131,2026-07-18,INSPECTION,INSPECTION service for Excavator component wear,178274.99,IN_PROGRESS
MNT-20138,CR-105,2026-07-17,CORRECTIVE,CORRECTIVE service for Crusher component wear,126536.17,SCHEDULED
MNT-20139,HT-117,2026-07-19,OVERHAUL,OVERHAUL service for Haul truck component wear,66201.7,COMPLETED
MNT-20140,CR-130,2025-12-31,OVERHAUL,OVERHAUL service for Crusher component wear,194829.34,IN_PROGRESS
MNT-20141,HT-122,2026-06-19,PREVENTIVE,PREVENTIVE service for Haul truck component wear,172223.91,SCHEDULED
MNT-20142,HT-132,2026-04-25,CORRECTIVE,CORRECTIVE service for Haul truck component wear,41319.65,IN_PROGRESS
MNT-20143,HT-127,2025-11-05,INSPECTION,INSPECTION service for Haul truck component wear,80149.44,IN_PROGRESS
MNT-20144,CR-105,2026-03-03,CORRECTIVE,CORRECTIVE service for Crusher component wear,235549.48,IN_PROGRESS
MNT-20145,HT-122,2026-01-26,CORRECTIVE,CORRECTIVE service for Haul truck component wear,205915.85,COMPLETED
MNT-20146,HT-117,2026-05-09,PREVENTIVE,PREVENTIVE service for Haul truck component wear,189243.57,SCHEDULED
MNT-20147,HT-107,2025-09-22,PREVENTIVE,PREVENTIVE service for Haul truck component wear,78396.32,SCHEDULED
MNT-20148,HT-107,2025-12-15,INSPECTION,INSPECTION service for Haul truck component wear,31990.9,SCHEDULED
MNT-20149,CR-135,2026-02-07,PREVENTIVE,PREVENTIVE service for Crusher component wear,196982.56,SCHEDULED
MNT-20150,HT-117,2026-01-25,INSPECTION,INSPECTION service for Haul truck component wear,195492.71,IN_PROGRESS
MNT-20151,EX-136,2026-08-28,PREVENTIVE,PREVENTIVE service for Excavator component wear,205231.87,IN_PROGRESS
MNT-20152,DR-133,2025-11-16,INSPECTION,INSPECTION service for Drill rig component wear,192207.88,SCHEDULED
MNT-20153,EX-116,2025-09-25,PREVENTIVE,PREVENTIVE service for Excavator component wear,137480.98,COMPLETED
MNT-20154,EX-121,2026-06-11,PREVENTIVE,PREVENTIVE service for Excavator component wear,92479.61,SCHEDULED
MNT-20155,DR-133,2025-10-12,PREVENTIVE,PREVENTIVE service for Drill rig component wear,77926.12,COMPLETED
MNT-20156,LD-114,2026-02-12,PREVENTIVE,PREVENTIVE service for Loader component wear,94880.32,COMPLETED
MNT-20157,EX-136,2025-11-17,PREVENTIVE,PREVENTIVE service for Excavator component wear,94689.23,SCHEDULED
MNT-20158,CR-115,2026-03-14,INSPECTION,INSPECTION service for Crusher component wear,205434.3,SCHEDULED
MNT-20159,DR-103,2026-08-11,CORRECTIVE,CORRECTIVE service for Drill rig component wear,240936.17,COMPLETED
MNT-20160,CR-105,2025-11-09,INSPECTION,INSPECTION service for Crusher component wear,179889.0,SCHEDULED
