sample_id,hole_id,zone_id,depth_from_m,depth_to_m,mn_pct,fe_pct,sio2_pct,al2o3_pct,p_pct,sample_date
SMP-10001,DH-2001,MINE-02-ZONE-E,0.0,25.0,38.53,8.09,23.45,3.51,0.309,2025-10-01
SMP-10002,DH-2001,MINE-02-ZONE-E,25.0,50.0,34.88,4.78,15.87,5.46,0.256,2025-10-01
SMP-10003,DH-2001,MINE-02-ZONE-E,50.0,75.0,35.26,13.73,23.19,2.51,0.124,2025-10-01
SMP-10004,DH-2002,MINE-04-ZONE-C,0.0,25.0,38.32,11.06,14.86,5.41,0.068,2025-10-02
SMP-10005,DH-2002,MINE-04-ZONE-C,25.0,50.0,44.95,5.19,20.2,5.75,0.129,2025-10-02
SMP-10006,DH-2002,MINE-04-ZONE-C,50.0,75.0,36.16,6.88,16.83,2.94,0.173,2025-10-02
SMP-10007,DH-2003,MINE-04-ZONE-E,0.0,25.0,37.52,13.45,18.0,5.97,0.33,2025-10-04
SMP-10008,DH-2003,MINE-04-ZONE-E,25.0,50.0,32.53,10.53,18.36,7.45,0.298,2025-10-04
SMP-10009,DH-2004,MINE-01-ZONE-C,0.0,25.0,25.32,12.4,23.08,5.0,0.198,2025-10-05
SMP-10010,DH-2004,MINE-01-ZONE-C,25.0,50.0,19.23,4.48,14.91,3.93,0.125,2025-10-05
SMP-10011,DH-2004,MINE-01-ZONE-C,50.0,75.0,19.34,15.54,21.38,5.45,0.335,2025-10-05
SMP-10012,DH-2005,MINE-02-ZONE-D,0.0,25.0,40.8,9.23,21.03,7.81,0.191,2025-10-07
SMP-10013,DH-2005,MINE-02-ZONE-D,25.0,50.0,34.91,7.85,9.67,2.96,0.173,2025-10-07
SMP-10014,DH-2006,MINE-04-ZONE-A,0.0,25.0,27.15,15.64,14.47,5.09,0.346,2025-10-08
SMP-10015,DH-2006,MINE-04-ZONE-A,25.0,50.0,30.5,10.51,14.61,3.13,0.159,2025-10-08
SMP-10016,DH-2006,MINE-04-ZONE-A,50.0,75.0,31.48,11.5,20.16,3.22,0.215,2025-10-08
SMP-10017,DH-2007,MINE-02-ZONE-E,0.0,25.0,29.09,10.61,16.84,2.56,0.348,2025-10-10
SMP-10018,DH-2007,MINE-02-ZONE-E,25.0,50.0,36.64,9.54,9.88,6.99,0.2,2025-10-10
SMP-10019,DH-2007,MINE-02-ZONE-E,50.0,75.0,34.68,10.11,12.37,7.01,0.344,2025-10-10
SMP-10020,DH-2007,MINE-02-ZONE-E,75.0,100.0,29.95,10.62,14.14,7.53,0.202,2025-10-10
SMP-10021,DH-2008,MINE-01-ZONE-E,0.0,25.0,40.57,7.58,17.39,7.99,0.197,2025-10-11
SMP-10022,DH-2008,MINE-01-ZONE-E,25.0,50.0,39.23,10.46,13.52,5.31,0.213,2025-10-11
SMP-10023,DH-2009,MINE-03-ZONE-E,0.0,25.0,39.83,12.94,19.28,6.87,0.166,2025-10-13
SMP-10024,DH-2009,MINE-03-ZONE-E,25.0,50.0,46.03,13.85,23.69,4.97,0.061,2025-10-13
SMP-10025,DH-2009,MINE-03-ZONE-E,50.0,75.0,44.41,11.08,21.92,7.25,0.182,2025-10-13
SMP-10026,DH-2010,MINE-04-ZONE-B,0.0,25.0,42.24,12.31,18.4,7.11,0.306,2025-10-14
SMP-10027,DH-2010,MINE-04-ZONE-B,25.0,50.0,47.44,8.56,13.07,6.31,0.278,2025-10-14
SMP-10028,DH-2010,MINE-04-ZONE-B,50.0,75.0,47.57,4.43,9.09,5.79,0.326,2025-10-14
SMP-10029,DH-2011,MINE-02-ZONE-C,0.0,25.0,37.91,4.35,13.19,2.34,0.158,2025-10-16
SMP-10030,DH-2011,MINE-02-ZONE-C,25.0,50.0,39.23,6.93,14.59,6.09,0.104,2025-10-16
SMP-10031,DH-2011,MINE-02-ZONE-C,50.0,75.0,36.67,11.31,14.12,6.1,0.199,2025-10-16
SMP-10032,DH-2011,MINE-02-ZONE-C,75.0,100.0,40.75,6.79,18.21,4.76,0.25,2025-10-16
SMP-10033,DH-2012,MINE-03-ZONE-E,0.0,25.0,45.02,9.09,12.0,7.07,0.11,2025-10-17
SMP-10034,DH-2012,MINE-03-ZONE-E,25.0,50.0,42.48,9.8,11.8,5.43,0.222,2025-10-17
SMP-10035,DH-2012,MINE-03-ZONE-E,50.0,75.0,48.56,7.54,23.65,5.95,0.132,2025-10-17
SMP-10036,DH-2013,MINE-04-ZONE-D,0.0,25.0,45.52,6.76,20.83,3.31,0.107,2025-10-19
SMP-10037,DH-2013,MINE-04-ZONE-D,25.0,50.0,40.27,13.07,20.28,6.09,0.091,2025-10-19
SMP-10038,DH-2013,MINE-04-ZONE-D,50.0,75.0,38.73,11.53,8.63,6.73,0.06,2025-10-19
SMP-10039,DH-2014,MINE-03-ZONE-B,0.0,25.0,43.34,8.39,16.03,3.64,0.099,2025-10-20
SMP-10040,DH-2014,MINE-03-ZONE-B,25.0,50.0,43.72,15.33,23.48,3.77,0.311,2025-10-20
SMP-10041,DH-2014,MINE-03-ZONE-B,50.0,75.0,42.62,9.62,9.2,6.52,0.118,2025-10-20
SMP-10042,DH-2014,MINE-03-ZONE-B,75.0,100.0,41.34,12.09,14.36,7.07,0.217,2025-10-20
SMP-10043,DH-2015,MINE-01-ZONE-C,0.0,25.0,41.83,13.87,23.04,2.65,0.12,2025-10-22
SMP-10044,DH-2015,MINE-01-ZONE-C,25.0,50.0,36.23,14.61,16.98,7.49,0.116,2025-10-22
SMP-10045,DH-2015,MINE-01-ZONE-C,50.0,75.0,36.61,13.89,22.55,3.81,0.172,2025-10-22
SMP-10046,DH-2016,MINE-01-ZONE-E,0.0,25.0,21.98,8.45,23.19,6.18,0.212,2025-10-23
SMP-10047,DH-2016,MINE-01-ZONE-E,25.0,50.0,23.96,12.72,22.17,5.93,0.3,2025-10-23
SMP-10048,DH-2017,MINE-04-ZONE-E,0.0,25.0,35.34,5.19,18.97,5.27,0.343,2025-10-25
SMP-10049,DH-2017,MINE-04-ZONE-E,25.0,50.0,30.38,8.78,11.04,2.73,0.304,2025-10-25
SMP-10050,DH-2018,MINE-03-ZONE-E,0.0,25.0,29.09,13.44,11.28,6.98,0.216,2025-10-26
SMP-10051,DH-2018,MINE-03-ZONE-E,25.0,50.0,25.06,13.76,11.73,6.65,0.287,2025-10-26
SMP-10052,DH-2019,MINE-04-ZONE-E,0.0,25.0,23.68,4.31,8.24,6.74,0.121,2025-10-28
SMP-10053,DH-2019,MINE-04-ZONE-E,25.0,50.0,20.31,6.09,8.84,6.45,0.208,2025-10-28
SMP-10054,DH-2020,MINE-01-ZONE-C,0.0,25.0,28.86,13.4,21.87,5.13,0.187,2025-10-29
SMP-10055,DH-2020,MINE-01-ZONE-C,25.0,50.0,38.07,4.73,15.66,4.41,0.256,2025-10-29
SMP-10056,DH-2020,MINE-01-ZONE-C,50.0,75.0,33.33,14.92,9.18,2.48,0.232,2025-10-29
SMP-10057,DH-2020,MINE-01-ZONE-C,75.0,100.0,29.09,7.3,18.13,5.29,0.148,2025-10-29
SMP-10058,DH-2021,MINE-04-ZONE-E,0.0,25.0,36.24,13.23,19.53,3.29,0.185,2025-10-31
SMP-10059,DH-2021,MINE-04-ZONE-E,25.0,50.0,32.01,8.07,15.26,4.5,0.079,2025-10-31
SMP-10060,DH-2021,MINE-04-ZONE-E,50.0,75.0,34.0,11.98,13.99,2.92,0.327,2025-10-31
SMP-10061,DH-2021,MINE-04-ZONE-E,75.0,100.0,30.4,13.98,9.49,2.58,0.272,2025-10-31
SMP-10062,DH-2022,MINE-01-ZONE-E,0.0,25.0,39.76,9.08,22.65,2.31,0.136,2025-11-01
SMP-10063,DH-2022,MINE-01-ZONE-E,25.0,50.0,33.47,5.24,16.12,2.93,0.195,2025-11-01
SMP-10064,DH-2022,MINE-01-ZONE-E,50.0,75.0,38.82,8.2,16.9,2.69,0.134,2025-11-01
SMP-10065,DH-2022,MINE-01-ZONE-E,75.0,100.0,32.61,9.15,16.98,6.6,0.237,2025-11-01
SMP-10066,DH-2023,MINE-04-ZONE-C,0.0,25.0,26.85,8.21,10.9,2.86,0.247,2025-11-03
SMP-10067,DH-2023,MINE-04-ZONE-C,25.0,50.0,18.33,12.89,23.55,2.55,0.209,2025-11-03
SMP-10068,DH-2023,MINE-04-ZONE-C,50.0,75.0,21.39,9.44,10.52,3.87,0.147,2025-11-03
SMP-10069,DH-2024,MINE-04-ZONE-D,0.0,25.0,35.74,9.09,17.71,4.49,0.115,2025-11-04
SMP-10070,DH-2024,MINE-04-ZONE-D,25.0,50.0,36.43,8.14,9.77,6.07,0.228,2025-11-04
SMP-10071,DH-2024,MINE-04-ZONE-D,50.0,75.0,36.58,7.7,11.53,7.91,0.066,2025-11-04
SMP-10072,DH-2025,MINE-02-ZONE-B,0.0,25.0,31.7,6.11,14.08,6.22,0.2,2025-11-06
SMP-10073,DH-2025,MINE-02-ZONE-B,25.0,50.0,32.56,13.67,9.15,7.17,0.063,2025-11-06
SMP-10074,DH-2025,MINE-02-ZONE-B,50.0,75.0,24.42,15.05,21.79,5.45,0.222,2025-11-06
SMP-10075,DH-2026,MINE-03-ZONE-D,0.0,25.0,33.15,5.06,21.51,3.46,0.227,2025-11-07
SMP-10076,DH-2026,MINE-03-ZONE-D,25.0,50.0,29.19,8.75,12.96,4.04,0.15,2025-11-07
SMP-10077,DH-2026,MINE-03-ZONE-D,50.0,75.0,25.63,10.13,9.82,5.06,0.322,2025-11-07
SMP-10078,DH-2026,MINE-03-ZONE-D,75.0,100.0,27.44,12.73,21.1,6.89,0.121,2025-11-07
SMP-10079,DH-2027,MINE-01-ZONE-E,0.0,25.0,28.08,13.05,20.16,4.69,0.327,2025-11-09
SMP-10080,DH-2027,MINE-01-ZONE-E,25.0,50.0,28.78,11.62,17.99,7.19,0.238,2025-11-09
SMP-10081,DH-2027,MINE-01-ZONE-E,50.0,75.0,24.65,4.82,15.08,3.82,0.132,2025-11-09
SMP-10082,DH-2027,MINE-01-ZONE-E,75.0,100.0,23.7,10.09,12.97,4.71,0.067,2025-11-09
SMP-10083,DH-2028,MINE-02-ZONE-E,0.0,25.0,24.38,13.5,22.33,4.7,0.293,2025-11-10
SMP-10084,DH-2028,MINE-02-ZONE-E,25.0,50.0,25.36,7.86,15.61,2.91,0.069,2025-11-10
SMP-10085,DH-2028,MINE-02-ZONE-E,50.0,75.0,19.88,14.79,13.5,6.29,0.201,2025-11-10
SMP-10086,DH-2028,MINE-02-ZONE-E,75.0,100.0,20.57,6.97,15.0,4.64,0.207,2025-11-10
SMP-10087,DH-2029,MINE-02-ZONE-A,0.0,25.0,32.2,4.79,9.51,6.07,0.135,2025-11-12
SMP-10088,DH-2029,MINE-02-ZONE-A,25.0,50.0,32.97,11.88,22.5,7.24,0.15,2025-11-12
SMP-10089,DH-2029,MINE-02-ZONE-A,50.0,75.0,31.56,5.7,13.6,7.81,0.26,2025-11-12
SMP-10090,DH-2029,MINE-02-ZONE-A,75.0,100.0,29.65,11.14,23.01,3.86,0.163,2025-11-12
SMP-10091,DH-2030,MINE-03-ZONE-A,0.0,25.0,42.98,9.08,13.79,4.18,0.104,2025-11-13
SMP-10092,DH-2030,MINE-03-ZONE-A,25.0,50.0,38.66,15.37,15.78,3.36,0.091,2025-11-13
SMP-10093,DH-2031,MINE-01-ZONE-C,0.0,25.0,30.72,14.52,17.89,5.58,0.096,2025-11-15
SMP-10094,DH-2031,MINE-01-ZONE-C,25.0,50.0,25.91,12.31,18.0,7.42,0.266,2025-11-15
SMP-10095,DH-2032,MINE-01-ZONE-B,0.0,25.0,29.2,6.87,23.45,6.71,0.321,2025-11-16
SMP-10096,DH-2032,MINE-01-ZONE-B,25.0,50.0,28.8,12.14,17.13,4.64,0.281,2025-11-16
SMP-10097,DH-2032,MINE-01-ZONE-B,50.0,75.0,34.64,10.03,14.7,2.97,0.11,2025-11-16
SMP-10098,DH-2033,MINE-04-ZONE-E,0.0,25.0,28.78,14.21,12.56,6.58,0.132,2025-11-18
SMP-10099,DH-2033,MINE-04-ZONE-E,25.0,50.0,29.37,5.77,15.0,7.68,0.117,2025-11-18
SMP-10100,DH-2033,MINE-04-ZONE-E,50.0,75.0,24.83,8.2,8.43,2.32,0.201,2025-11-18
SMP-10101,DH-2033,MINE-04-ZONE-E,75.0,100.0,22.68,15.93,14.0,2.17,0.329,2025-11-18
SMP-10102,DH-2034,MINE-03-ZONE-A,0.0,25.0,40.68,11.38,22.49,2.11,0.115,2025-11-19
SMP-10103,DH-2034,MINE-03-ZONE-A,25.0,50.0,37.49,15.28,17.74,4.54,0.283,2025-11-19
SMP-10104,DH-2034,MINE-03-ZONE-A,50.0,75.0,38.37,5.46,11.82,5.83,0.237,2025-11-19
SMP-10105,DH-2034,MINE-03-ZONE-A,75.0,100.0,36.62,14.04,16.0,5.22,0.24,2025-11-19
SMP-10106,DH-2035,MINE-04-ZONE-D,0.0,25.0,29.45,5.03,23.59,2.41,0.208,2025-11-21
SMP-10107,DH-2035,MINE-04-ZONE-D,25.0,50.0,27.88,15.86,16.87,4.34,0.191,2025-11-21
SMP-10108,DH-2036,MINE-03-ZONE-C,0.0,25.0,46.82,13.26,19.76,4.0,0.063,2025-11-22
SMP-10109,DH-2036,MINE-03-ZONE-C,25.0,50.0,46.0,13.76,10.8,6.67,0.189,2025-11-22
SMP-10110,DH-2036,MINE-03-ZONE-C,50.0,75.0,47.49,11.58,20.98,2.38,0.283,2025-11-22
SMP-10111,DH-2036,MINE-03-ZONE-C,75.0,100.0,45.12,7.52,8.7,3.2,0.063,2025-11-22
SMP-10112,DH-2037,MINE-02-ZONE-E,0.0,25.0,37.99,4.57,18.49,3.64,0.29,2025-11-24
SMP-10113,DH-2037,MINE-02-ZONE-E,25.0,50.0,33.74,8.8,15.04,7.74,0.152,2025-11-24
SMP-10114,DH-2037,MINE-02-ZONE-E,50.0,75.0,31.24,12.3,13.88,6.78,0.13,2025-11-24
SMP-10115,DH-2038,MINE-01-ZONE-C,0.0,25.0,35.25,11.93,12.9,5.62,0.178,2025-11-25
SMP-10116,DH-2038,MINE-01-ZONE-C,25.0,50.0,41.35,8.22,8.68,7.22,0.156,2025-11-25
SMP-10117,DH-2039,MINE-03-ZONE-D,0.0,25.0,31.6,12.15,23.24,2.86,0.232,2025-11-27
SMP-10118,DH-2039,MINE-03-ZONE-D,25.0,50.0,31.4,4.42,9.08,6.67,0.16,2025-11-27
SMP-10119,DH-2039,MINE-03-ZONE-D,50.0,75.0,27.42,10.81,17.68,6.07,0.335,2025-11-27
SMP-10120,DH-2039,MINE-03-ZONE-D,75.0,100.0,27.31,13.16,17.18,5.18,0.169,2025-11-27
SMP-10121,DH-2040,MINE-02-ZONE-D,0.0,25.0,25.61,7.12,15.14,7.98,0.136,2025-11-28
SMP-10122,DH-2040,MINE-02-ZONE-D,25.0,50.0,32.15,9.89,9.96,7.12,0.186,2025-11-28
SMP-10123,DH-2041,MINE-03-ZONE-E,0.0,25.0,46.43,7.48,12.8,2.95,0.263,2025-11-30
SMP-10124,DH-2041,MINE-03-ZONE-E,25.0,50.0,47.93,6.09,13.78,3.35,0.346,2025-11-30
SMP-10125,DH-2042,MINE-01-ZONE-E,0.0,25.0,23.98,14.61,9.05,4.39,0.265,2025-12-01
SMP-10126,DH-2042,MINE-01-ZONE-E,25.0,50.0,27.47,8.93,14.55,5.45,0.088,2025-12-01
SMP-10127,DH-2042,MINE-01-ZONE-E,50.0,75.0,25.85,4.89,15.45,5.1,0.089,2025-12-01
SMP-10128,DH-2042,MINE-01-ZONE-E,75.0,100.0,30.97,10.62,17.4,6.61,0.089,2025-12-01
SMP-10129,DH-2043,MINE-04-ZONE-B,0.0,25.0,41.11,15.37,16.3,3.7,0.074,2025-12-03
SMP-10130,DH-2043,MINE-04-ZONE-B,25.0,50.0,40.82,15.48,12.39,5.75,0.234,2025-12-03
SMP-10131,DH-2043,MINE-04-ZONE-B,50.0,75.0,39.79,11.69,17.47,5.48,0.101,2025-12-03
SMP-10132,DH-2043,MINE-04-ZONE-B,75.0,100.0,45.1,14.82,13.4,7.54,0.062,2025-12-03
SMP-10133,DH-2044,MINE-01-ZONE-A,0.0,25.0,25.13,4.36,22.22,5.27,0.243,2025-12-04
SMP-10134,DH-2044,MINE-01-ZONE-A,25.0,50.0,21.97,6.94,20.92,4.44,0.186,2025-12-04
SMP-10135,DH-2044,MINE-01-ZONE-A,50.0,75.0,25.84,5.9,14.65,4.79,0.152,2025-12-04
SMP-10136,DH-2045,MINE-01-ZONE-E,0.0,25.0,29.65,5.27,11.87,2.74,0.185,2025-12-06
SMP-10137,DH-2045,MINE-01-ZONE-E,25.0,50.0,25.91,4.61,23.13,7.18,0.175,2025-12-06
SMP-10138,DH-2045,MINE-01-ZONE-E,50.0,75.0,34.13,14.83,21.02,7.6,0.266,2025-12-06
SMP-10139,DH-2046,MINE-02-ZONE-B,0.0,25.0,44.76,10.07,23.47,3.29,0.156,2025-12-07
SMP-10140,DH-2046,MINE-02-ZONE-B,25.0,50.0,35.82,9.94,22.12,5.93,0.191,2025-12-07
SMP-10141,DH-2047,MINE-04-ZONE-C,0.0,25.0,17.65,4.61,16.99,4.18,0.137,2025-12-09
SMP-10142,DH-2047,MINE-04-ZONE-C,25.0,50.0,21.06,9.4,16.8,6.95,0.237,2025-12-09
SMP-10143,DH-2047,MINE-04-ZONE-C,50.0,75.0,23.31,5.54,9.55,4.24,0.346,2025-12-09
SMP-10144,DH-2048,MINE-04-ZONE-C,0.0,25.0,40.9,8.0,15.58,4.74,0.232,2025-12-10
SMP-10145,DH-2048,MINE-04-ZONE-C,25.0,50.0,44.69,7.94,17.81,2.98,0.347,2025-12-10
SMP-10146,DH-2049,MINE-02-ZONE-E,0.0,25.0,34.93,12.09,23.68,5.5,0.289,2025-12-12
SMP-10147,DH-2049,MINE-02-ZONE-E,25.0,50.0,38.5,12.26,8.43,4.85,0.34,2025-12-12
SMP-10148,DH-2050,MINE-04-ZONE-D,0.0,25.0,32.34,12.17,8.51,7.69,0.083,2025-12-13
SMP-10149,DH-2050,MINE-04-ZONE-D,25.0,50.0,31.05,7.76,10.42,6.14,0.173,2025-12-13
SMP-10150,DH-2050,MINE-04-ZONE-D,50.0,75.0,38.61,15.05,21.97,6.42,0.069,2025-12-13
SMP-10151,DH-2051,MINE-01-ZONE-E,0.0,25.0,34.05,10.4,16.74,6.06,0.31,2025-12-15
SMP-10152,DH-2051,MINE-01-ZONE-E,25.0,50.0,36.26,13.64,12.23,4.91,0.337,2025-12-15
SMP-10153,DH-2052,MINE-02-ZONE-D,0.0,25.0,37.44,7.8,13.58,7.6,0.289,2025-12-16
SMP-10154,DH-2052,MINE-02-ZONE-D,25.0,50.0,33.12,5.46,18.83,4.28,0.344,2025-12-16
SMP-10155,DH-2052,MINE-02-ZONE-D,50.0,75.0,38.57,15.46,20.87,3.74,0.136,2025-12-16
SMP-10156,DH-2052,MINE-02-ZONE-D,75.0,100.0,37.53,8.16,15.08,3.54,0.194,2025-12-16
SMP-10157,DH-2053,MINE-02-ZONE-B,0.0,25.0,39.26,4.61,22.48,3.35,0.12,2025-12-18
SMP-10158,DH-2053,MINE-02-ZONE-B,25.0,50.0,37.87,7.96,15.56,6.09,0.091,2025-12-18
SMP-10159,DH-2053,MINE-02-ZONE-B,50.0,75.0,46.52,15.73,10.53,5.92,0.314,2025-12-18
SMP-10160,DH-2053,MINE-02-ZONE-B,75.0,100.0,41.63,11.81,20.09,3.72,0.136,2025-12-18
SMP-10161,DH-2054,MINE-01-ZONE-B,0.0,25.0,47.92,6.1,22.12,3.05,0.326,2025-12-19
SMP-10162,DH-2054,MINE-01-ZONE-B,25.0,50.0,48.76,8.76,15.93,7.62,0.339,2025-12-19
SMP-10163,DH-2055,MINE-02-ZONE-E,0.0,25.0,43.47,9.93,23.02,7.11,0.19,2025-12-21
SMP-10164,DH-2055,MINE-02-ZONE-E,25.0,50.0,39.97,5.35,10.6,4.75,0.127,2025-12-21
SMP-10165,DH-2055,MINE-02-ZONE-E,50.0,75.0,39.9,12.84,20.65,5.41,0.277,2025-12-21
SMP-10166,DH-2055,MINE-02-ZONE-E,75.0,100.0,39.79,14.27,22.35,6.96,0.205,2025-12-21
SMP-10167,DH-2056,MINE-01-ZONE-C,0.0,25.0,28.98,13.05,23.26,3.81,0.267,2025-12-22
SMP-10168,DH-2056,MINE-01-ZONE-C,25.0,50.0,26.73,11.84,19.08,2.37,0.085,2025-12-22
SMP-10169,DH-2056,MINE-01-ZONE-C,50.0,75.0,29.69,8.86,16.04,7.37,0.261,2025-12-22
SMP-10170,DH-2057,MINE-02-ZONE-E,0.0,25.0,38.35,9.46,23.82,4.24,0.261,2025-12-24
SMP-10171,DH-2057,MINE-02-ZONE-E,25.0,50.0,42.7,13.09,20.83,6.95,0.279,2025-12-24
SMP-10172,DH-2058,MINE-04-ZONE-E,0.0,25.0,38.58,10.57,16.09,5.44,0.095,2025-12-25
SMP-10173,DH-2058,MINE-04-ZONE-E,25.0,50.0,41.24,10.24,9.86,3.23,0.225,2025-12-25
SMP-10174,DH-2059,MINE-01-ZONE-C,0.0,25.0,44.16,12.07,12.93,2.13,0.126,2025-12-27
SMP-10175,DH-2059,MINE-01-ZONE-C,25.0,50.0,38.6,6.61,9.17,4.54,0.26,2025-12-27
SMP-10176,DH-2060,MINE-04-ZONE-C,0.0,25.0,48.55,13.19,23.65,5.88,0.176,2025-12-28
SMP-10177,DH-2060,MINE-04-ZONE-C,25.0,50.0,50.79,8.59,21.91,7.44,0.163,2025-12-28
SMP-10178,DH-2061,MINE-04-ZONE-C,0.0,25.0,29.98,14.02,20.1,7.87,0.189,2025-12-30
SMP-10179,DH-2061,MINE-04-ZONE-C,25.0,50.0,27.38,9.09,14.07,3.38,0.188,2025-12-30
SMP-10180,DH-2061,MINE-04-ZONE-C,50.0,75.0,21.74,6.26,22.0,6.59,0.06,2025-12-30
SMP-10181,DH-2061,MINE-04-ZONE-C,75.0,100.0,26.79,11.38,22.98,7.33,0.122,2025-12-30
SMP-10182,DH-2062,MINE-01-ZONE-C,0.0,25.0,23.44,6.81,11.48,7.18,0.067,2025-12-31
SMP-10183,DH-2062,MINE-01-ZONE-C,25.0,50.0,24.46,7.47,21.05,6.39,0.146,2025-12-31
SMP-10184,DH-2063,MINE-04-ZONE-E,0.0,25.0,38.55,4.73,23.18,7.28,0.323,2026-01-02
SMP-10185,DH-2063,MINE-04-ZONE-E,25.0,50.0,41.8,9.13,15.93,7.83,0.332,2026-01-02
SMP-10186,DH-2063,MINE-04-ZONE-E,50.0,75.0,42.25,13.43,13.1,4.5,0.095,2026-01-02
SMP-10187,DH-2064,MINE-03-ZONE-C,0.0,25.0,30.56,10.75,23.48,5.34,0.09,2026-01-03
SMP-10188,DH-2064,MINE-03-ZONE-C,25.0,50.0,23.84,6.44,18.35,7.53,0.304,2026-01-03
SMP-10189,DH-2064,MINE-03-ZONE-C,50.0,75.0,22.33,12.7,11.05,3.61,0.252,2026-01-03
SMP-10190,DH-2065,MINE-04-ZONE-E,0.0,25.0,20.04,14.88,12.85,7.45,0.114,2026-01-05
SMP-10191,DH-2065,MINE-04-ZONE-E,25.0,50.0,19.85,12.9,19.95,6.53,0.324,2026-01-05
SMP-10192,DH-2065,MINE-04-ZONE-E,50.0,75.0,24.91,12.45,14.35,3.44,0.146,2026-01-05
SMP-10193,DH-2066,MINE-02-ZONE-E,0.0,25.0,27.13,15.78,15.51,7.04,0.324,2026-01-06
SMP-10194,DH-2066,MINE-02-ZONE-E,25.0,50.0,29.85,8.97,17.0,3.33,0.094,2026-01-06
SMP-10195,DH-2066,MINE-02-ZONE-E,50.0,75.0,28.75,15.22,17.27,4.51,0.096,2026-01-06
SMP-10196,DH-2067,MINE-03-ZONE-A,0.0,25.0,32.19,11.7,15.85,3.01,0.288,2026-01-08
SMP-10197,DH-2067,MINE-03-ZONE-A,25.0,50.0,24.21,12.64,15.81,7.5,0.213,2026-01-08
SMP-10198,DH-2067,MINE-03-ZONE-A,50.0,75.0,28.94,4.7,8.54,7.08,0.334,2026-01-08
SMP-10199,DH-2068,MINE-01-ZONE-B,0.0,25.0,40.4,8.48,17.89,6.0,0.235,2026-01-09
SMP-10200,DH-2068,MINE-01-ZONE-B,25.0,50.0,40.17,9.85,8.11,5.31,0.054,2026-01-09
SMP-10201,DH-2069,MINE-04-ZONE-B,0.0,25.0,35.4,5.16,10.38,3.15,0.208,2026-01-11
SMP-10202,DH-2069,MINE-04-ZONE-B,25.0,50.0,42.48,7.21,14.35,4.24,0.172,2026-01-11
SMP-10203,DH-2070,MINE-04-ZONE-D,0.0,25.0,30.44,5.12,14.07,5.32,0.067,2026-01-12
SMP-10204,DH-2070,MINE-04-ZONE-D,25.0,50.0,22.93,6.06,16.0,4.6,0.285,2026-01-12
SMP-10205,DH-2070,MINE-04-ZONE-D,50.0,75.0,28.5,14.3,9.53,5.17,0.063,2026-01-12
SMP-10206,DH-2070,MINE-04-ZONE-D,75.0,100.0,24.95,14.42,22.2,4.85,0.064,2026-01-12
SMP-10207,DH-2071,MINE-01-ZONE-C,0.0,25.0,33.59,6.49,10.31,6.92,0.296,2026-01-14
SMP-10208,DH-2071,MINE-01-ZONE-C,25.0,50.0,42.72,7.59,17.02,5.4,0.305,2026-01-14
SMP-10209,DH-2071,MINE-01-ZONE-C,50.0,75.0,40.2,10.49,14.14,6.44,0.287,2026-01-14
SMP-10210,DH-2072,MINE-01-ZONE-C,0.0,25.0,38.57,8.76,20.38,2.18,0.132,2026-01-15
SMP-10211,DH-2072,MINE-01-ZONE-C,25.0,50.0,38.95,9.89,13.69,7.65,0.18,2026-01-15
SMP-10212,DH-2072,MINE-01-ZONE-C,50.0,75.0,35.82,11.93,9.37,5.71,0.289,2026-01-15
SMP-10213,DH-2072,MINE-01-ZONE-C,75.0,100.0,36.15,4.98,10.47,6.27,0.24,2026-01-15
SMP-10214,DH-2073,MINE-03-ZONE-C,0.0,25.0,25.93,6.25,15.18,5.33,0.172,2026-01-17
SMP-10215,DH-2073,MINE-03-ZONE-C,25.0,50.0,24.86,8.25,9.49,5.59,0.147,2026-01-17
SMP-10216,DH-2074,MINE-03-ZONE-C,0.0,25.0,23.02,6.03,14.09,2.83,0.14,2026-01-18
SMP-10217,DH-2074,MINE-03-ZONE-C,25.0,50.0,22.23,4.76,14.95,4.53,0.195,2026-01-18
SMP-10218,DH-2075,MINE-01-ZONE-C,0.0,25.0,27.02,4.08,14.33,7.05,0.164,2026-01-20
SMP-10219,DH-2075,MINE-01-ZONE-C,25.0,50.0,34.29,9.28,14.89,6.94,0.245,2026-01-20
SMP-10220,DH-2076,MINE-04-ZONE-E,0.0,25.0,29.96,7.5,19.12,4.95,0.223,2026-01-21
SMP-10221,DH-2076,MINE-04-ZONE-E,25.0,50.0,22.69,8.51,21.06,4.36,0.084,2026-01-21
SMP-10222,DH-2076,MINE-04-ZONE-E,50.0,75.0,25.91,11.11,16.73,6.09,0.215,2026-01-21
SMP-10223,DH-2077,MINE-03-ZONE-E,0.0,25.0,46.36,5.67,12.85,3.52,0.096,2026-01-23
SMP-10224,DH-2077,MINE-03-ZONE-E,25.0,50.0,43.86,8.52,15.19,5.59,0.225,2026-01-23
SMP-10225,DH-2077,MINE-03-ZONE-E,50.0,75.0,44.97,15.08,21.91,4.51,0.061,2026-01-23
SMP-10226,DH-2078,MINE-03-ZONE-B,0.0,25.0,40.49,6.0,17.8,5.38,0.244,2026-01-24
SMP-10227,DH-2078,MINE-03-ZONE-B,25.0,50.0,40.31,15.6,13.31,6.78,0.082,2026-01-24
SMP-10228,DH-2078,MINE-03-ZONE-B,50.0,75.0,34.83,6.66,19.95,5.35,0.256,2026-01-24
SMP-10229,DH-2078,MINE-03-ZONE-B,75.0,100.0,36.05,8.49,15.41,6.08,0.257,2026-01-24
SMP-10230,DH-2079,MINE-01-ZONE-E,0.0,25.0,26.7,7.74,15.29,3.24,0.195,2026-01-26
SMP-10231,DH-2079,MINE-01-ZONE-E,25.0,50.0,30.04,9.26,19.15,3.91,0.14,2026-01-26
SMP-10232,DH-2079,MINE-01-ZONE-E,50.0,75.0,33.38,5.38,21.59,5.89,0.253,2026-01-26
SMP-10233,DH-2079,MINE-01-ZONE-E,75.0,100.0,26.92,15.81,11.9,3.05,0.098,2026-01-26
SMP-10234,DH-2080,MINE-04-ZONE-C,0.0,25.0,31.19,12.85,22.13,4.7,0.179,2026-01-27
SMP-10235,DH-2080,MINE-04-ZONE-C,25.0,50.0,27.27,6.58,12.45,6.22,0.289,2026-01-27
SMP-10236,DH-2080,MINE-04-ZONE-C,50.0,75.0,33.0,13.59,16.59,4.19,0.109,2026-01-27
SMP-10237,DH-2081,MINE-01-ZONE-D,0.0,25.0,29.17,8.18,21.53,5.7,0.294,2026-01-29
SMP-10238,DH-2081,MINE-01-ZONE-D,25.0,50.0,30.36,7.57,17.83,2.51,0.09,2026-01-29
SMP-10239,DH-2081,MINE-01-ZONE-D,50.0,75.0,24.48,7.66,10.93,6.16,0.203,2026-01-29
SMP-10240,DH-2082,MINE-03-ZONE-D,0.0,25.0,40.62,6.08,10.67,3.73,0.106,2026-01-30
SMP-10241,DH-2082,MINE-03-ZONE-D,25.0,50.0,39.73,11.43,21.85,7.71,0.195,2026-01-30
SMP-10242,DH-2082,MINE-03-ZONE-D,50.0,75.0,33.26,8.61,16.99,5.92,0.173,2026-01-30
SMP-10243,DH-2082,MINE-03-ZONE-D,75.0,100.0,36.23,12.52,15.1,3.0,0.22,2026-01-30
SMP-10244,DH-2083,MINE-02-ZONE-C,0.0,25.0,29.51,5.36,9.83,6.65,0.297,2026-02-01
SMP-10245,DH-2083,MINE-02-ZONE-C,25.0,50.0,27.68,13.87,8.67,6.31,0.214,2026-02-01
SMP-10246,DH-2083,MINE-02-ZONE-C,50.0,75.0,33.91,5.23,21.28,6.51,0.139,2026-02-01
SMP-10247,DH-2084,MINE-01-ZONE-B,0.0,25.0,29.89,12.85,19.03,7.17,0.233,2026-02-02
SMP-10248,DH-2084,MINE-01-ZONE-B,25.0,50.0,32.07,11.39,20.56,6.88,0.292,2026-02-02
SMP-10249,DH-2085,MINE-04-ZONE-D,0.0,25.0,28.09,14.3,23.77,6.08,0.079,2026-02-04
SMP-10250,DH-2085,MINE-04-ZONE-D,25.0,50.0,35.05,13.43,22.7,7.95,0.31,2026-02-04
SMP-10251,DH-2085,MINE-04-ZONE-D,50.0,75.0,26.69,14.39,11.99,6.27,0.299,2026-02-04
SMP-10252,DH-2085,MINE-04-ZONE-D,75.0,100.0,33.03,12.11,15.83,5.46,0.131,2026-02-04
SMP-10253,DH-2086,MINE-03-ZONE-D,0.0,25.0,32.95,14.53,15.28,4.93,0.225,2026-02-05
SMP-10254,DH-2086,MINE-03-ZONE-D,25.0,50.0,34.69,14.17,9.49,7.83,0.24,2026-02-05
SMP-10255,DH-2086,MINE-03-ZONE-D,50.0,75.0,32.97,14.2,20.73,4.39,0.34,2026-02-05
SMP-10256,DH-2087,MINE-02-ZONE-B,0.0,25.0,36.75,14.73,20.2,2.28,0.238,2026-02-07
SMP-10257,DH-2087,MINE-02-ZONE-B,25.0,50.0,37.24,4.2,22.87,2.95,0.187,2026-02-07
SMP-10258,DH-2087,MINE-02-ZONE-B,50.0,75.0,38.79,9.13,23.93,7.46,0.315,2026-02-07
SMP-10259,DH-2088,MINE-02-ZONE-E,0.0,25.0,29.86,5.99,14.34,3.83,0.26,2026-02-08
SMP-10260,DH-2088,MINE-02-ZONE-E,25.0,50.0,23.16,11.87,19.26,2.01,0.193,2026-02-08
SMP-10261,DH-2088,MINE-02-ZONE-E,50.0,75.0,22.15,6.71,18.88,2.06,0.259,2026-02-08
SMP-10262,DH-2088,MINE-02-ZONE-E,75.0,100.0,28.99,15.86,14.76,2.79,0.071,2026-02-08
SMP-10263,DH-2089,MINE-03-ZONE-C,0.0,25.0,25.56,12.13,9.09,5.38,0.233,2026-02-10
SMP-10264,DH-2089,MINE-03-ZONE-C,25.0,50.0,20.78,8.21,11.41,6.49,0.326,2026-02-10
SMP-10265,DH-2090,MINE-04-ZONE-E,0.0,25.0,37.0,9.15,20.66,3.49,0.243,2026-02-11
SMP-10266,DH-2090,MINE-04-ZONE-E,25.0,50.0,35.96,11.21,19.54,3.71,0.332,2026-02-11
SMP-10267,DH-2090,MINE-04-ZONE-E,50.0,75.0,33.75,14.16,22.01,3.23,0.232,2026-02-11
SMP-10268,DH-2091,MINE-02-ZONE-B,0.0,25.0,37.36,11.66,9.14,7.33,0.054,2026-02-13
SMP-10269,DH-2091,MINE-02-ZONE-B,25.0,50.0,38.56,7.8,14.19,7.03,0.176,2026-02-13
SMP-10270,DH-2092,MINE-04-ZONE-C,0.0,25.0,36.01,4.48,8.97,6.74,0.202,2026-02-14
SMP-10271,DH-2092,MINE-04-ZONE-C,25.0,50.0,39.68,10.01,14.65,6.21,0.075,2026-02-14
SMP-10272,DH-2093,MINE-04-ZONE-C,0.0,25.0,35.26,8.69,18.15,7.01,0.254,2026-02-16
SMP-10273,DH-2093,MINE-04-ZONE-C,25.0,50.0,30.56,12.38,19.68,7.08,0.067,2026-02-16
SMP-10274,DH-2094,MINE-01-ZONE-C,0.0,25.0,40.95,4.15,10.2,2.07,0.199,2026-02-17
SMP-10275,DH-2094,MINE-01-ZONE-C,25.0,50.0,42.66,10.21,21.16,3.56,0.162,2026-02-17
SMP-10276,DH-2094,MINE-01-ZONE-C,50.0,75.0,46.69,14.48,19.73,2.71,0.32,2026-02-17
SMP-10277,DH-2094,MINE-01-ZONE-C,75.0,100.0,42.54,9.15,16.38,3.58,0.343,2026-02-17
SMP-10278,DH-2095,MINE-01-ZONE-C,0.0,25.0,36.64,14.73,18.79,2.69,0.272,2026-02-19
SMP-10279,DH-2095,MINE-01-ZONE-C,25.0,50.0,28.94,14.3,8.2,2.28,0.159,2026-02-19
SMP-10280,DH-2095,MINE-01-ZONE-C,50.0,75.0,38.11,6.15,23.37,2.21,0.291,2026-02-19
SMP-10281,DH-2096,MINE-03-ZONE-D,0.0,25.0,27.41,14.82,10.87,6.83,0.344,2026-02-20
SMP-10282,DH-2096,MINE-03-ZONE-D,25.0,50.0,31.93,4.83,15.44,3.69,0.303,2026-02-20
SMP-10283,DH-2097,MINE-03-ZONE-A,0.0,25.0,23.71,11.1,15.89,6.64,0.109,2026-02-22
SMP-10284,DH-2097,MINE-03-ZONE-A,25.0,50.0,28.07,13.13,11.92,2.04,0.173,2026-02-22
SMP-10285,DH-2098,MINE-02-ZONE-C,0.0,25.0,33.76,12.86,12.92,3.23,0.345,2026-02-23
SMP-10286,DH-2098,MINE-02-ZONE-C,25.0,50.0,34.2,15.53,23.56,2.85,0.134,2026-02-23
SMP-10287,DH-2098,MINE-02-ZONE-C,50.0,75.0,30.44,6.78,21.53,4.48,0.319,2026-02-23
SMP-10288,DH-2098,MINE-02-ZONE-C,75.0,100.0,34.58,12.97,17.29,5.03,0.241,2026-02-23
SMP-10289,DH-2099,MINE-03-ZONE-C,0.0,25.0,28.06,8.72,21.31,3.96,0.186,2026-02-25
SMP-10290,DH-2099,MINE-03-ZONE-C,25.0,50.0,21.14,15.32,10.18,6.62,0.083,2026-02-25
SMP-10291,DH-2099,MINE-03-ZONE-C,50.0,75.0,19.86,9.39,13.02,2.72,0.157,2026-02-25
SMP-10292,DH-2100,MINE-02-ZONE-B,0.0,25.0,34.82,4.48,21.37,3.97,0.077,2026-02-26
SMP-10293,DH-2100,MINE-02-ZONE-B,25.0,50.0,30.33,8.27,16.22,6.06,0.128,2026-02-26
SMP-10294,DH-2100,MINE-02-ZONE-B,50.0,75.0,37.76,4.37,14.47,4.71,0.274,2026-02-26
SMP-10295,DH-2100,MINE-02-ZONE-B,75.0,100.0,30.35,9.54,20.86,2.84,0.054,2026-02-26
SMP-10296,DH-2101,MINE-02-ZONE-C,0.0,25.0,22.73,13.75,8.35,2.39,0.321,2026-02-28
SMP-10297,DH-2101,MINE-02-ZONE-C,25.0,50.0,24.57,5.55,22.48,6.98,0.149,2026-02-28
SMP-10298,DH-2101,MINE-02-ZONE-C,50.0,75.0,20.57,9.53,10.69,5.44,0.297,2026-02-28
SMP-10299,DH-2101,MINE-02-ZONE-C,75.0,100.0,24.09,4.35,18.93,3.04,0.114,2026-02-28
SMP-10300,DH-2102,MINE-02-ZONE-A,0.0,25.0,28.59,14.59,15.66,2.53,0.165,2026-03-01
SMP-10301,DH-2102,MINE-02-ZONE-A,25.0,50.0,27.79,11.71,20.76,3.49,0.348,2026-03-01
SMP-10302,DH-2102,MINE-02-ZONE-A,50.0,75.0,29.04,4.23,14.12,6.28,0.194,2026-03-01
SMP-10303,DH-2103,MINE-04-ZONE-A,0.0,25.0,25.55,13.73,12.49,6.85,0.192,2026-03-03
SMP-10304,DH-2103,MINE-04-ZONE-A,25.0,50.0,28.83,11.01,11.72,2.96,0.124,2026-03-03
SMP-10305,DH-2104,MINE-02-ZONE-C,0.0,25.0,26.95,14.07,21.52,3.06,0.228,2026-03-04
SMP-10306,DH-2104,MINE-02-ZONE-C,25.0,50.0,31.46,12.37,22.62,2.17,0.26,2026-03-04
SMP-10307,DH-2104,MINE-02-ZONE-C,50.0,75.0,32.88,10.76,17.01,3.13,0.346,2026-03-04
SMP-10308,DH-2105,MINE-04-ZONE-A,0.0,25.0,34.79,7.98,17.83,6.84,0.152,2026-03-06
SMP-10309,DH-2105,MINE-04-ZONE-A,25.0,50.0,31.78,13.63,21.89,2.36,0.094,2026-03-06
SMP-10310,DH-2105,MINE-04-ZONE-A,50.0,75.0,37.06,5.7,9.77,5.16,0.159,2026-03-06
SMP-10311,DH-2105,MINE-04-ZONE-A,75.0,100.0,30.74,12.45,18.59,5.52,0.151,2026-03-06
SMP-10312,DH-2106,MINE-03-ZONE-A,0.0,25.0,27.34,10.74,22.23,5.68,0.157,2026-03-07
SMP-10313,DH-2106,MINE-03-ZONE-A,25.0,50.0,26.93,13.77,14.05,6.4,0.138,2026-03-07
SMP-10314,DH-2107,MINE-02-ZONE-A,0.0,25.0,37.67,13.71,17.78,5.84,0.081,2026-03-09
SMP-10315,DH-2107,MINE-02-ZONE-A,25.0,50.0,39.45,7.97,9.24,4.08,0.146,2026-03-09
SMP-10316,DH-2107,MINE-02-ZONE-A,50.0,75.0,40.85,15.56,21.15,6.02,0.269,2026-03-09
SMP-10317,DH-2107,MINE-02-ZONE-A,75.0,100.0,37.85,4.14,11.35,6.16,0.155,2026-03-09
SMP-10318,DH-2108,MINE-01-ZONE-D,0.0,25.0,43.11,8.21,14.01,6.97,0.287,2026-03-10
SMP-10319,DH-2108,MINE-01-ZONE-D,25.0,50.0,40.07,13.1,11.61,4.71,0.29,2026-03-10
SMP-10320,DH-2108,MINE-01-ZONE-D,50.0,75.0,34.62,4.24,12.18,2.63,0.153,2026-03-10
SMP-10321,DH-2109,MINE-03-ZONE-C,0.0,25.0,29.79,12.45,14.9,5.92,0.232,2026-03-12
SMP-10322,DH-2109,MINE-03-ZONE-C,25.0,50.0,25.2,4.64,13.3,7.85,0.173,2026-03-12
SMP-10323,DH-2109,MINE-03-ZONE-C,50.0,75.0,26.4,15.11,16.64,5.96,0.139,2026-03-12
SMP-10324,DH-2109,MINE-03-ZONE-C,75.0,100.0,21.82,8.71,16.79,4.95,0.066,2026-03-12
SMP-10325,DH-2110,MINE-01-ZONE-A,0.0,25.0,28.97,7.5,9.31,7.06,0.143,2026-03-13
SMP-10326,DH-2110,MINE-01-ZONE-A,25.0,50.0,31.23,9.87,18.58,2.55,0.213,2026-03-13
SMP-10327,DH-2111,MINE-02-ZONE-A,0.0,25.0,34.27,10.77,10.42,6.18,0.079,2026-03-15
SMP-10328,DH-2111,MINE-02-ZONE-A,25.0,50.0,32.58,13.7,14.62,6.54,0.118,2026-03-15
SMP-10329,DH-2112,MINE-01-ZONE-B,0.0,25.0,41.94,4.95,22.44,6.29,0.201,2026-03-16
SMP-10330,DH-2112,MINE-01-ZONE-B,25.0,50.0,46.18,13.61,18.84,5.72,0.086,2026-03-16
SMP-10331,DH-2113,MINE-03-ZONE-E,0.0,25.0,31.03,9.22,23.96,5.76,0.3,2026-03-18
SMP-10332,DH-2113,MINE-03-ZONE-E,25.0,50.0,23.73,14.93,22.63,2.4,0.166,2026-03-18
SMP-10333,DH-2114,MINE-03-ZONE-C,0.0,25.0,36.13,13.38,9.8,2.9,0.22,2026-03-19
SMP-10334,DH-2114,MINE-03-ZONE-C,25.0,50.0,36.08,15.58,9.6,2.63,0.284,2026-03-19
SMP-10335,DH-2114,MINE-03-ZONE-C,50.0,75.0,38.11,14.41,22.08,7.27,0.129,2026-03-19
SMP-10336,DH-2114,MINE-03-ZONE-C,75.0,100.0,36.8,10.86,15.57,3.03,0.171,2026-03-19
SMP-10337,DH-2115,MINE-04-ZONE-E,0.0,25.0,39.07,15.05,22.35,2.12,0.295,2026-03-21
SMP-10338,DH-2115,MINE-04-ZONE-E,25.0,50.0,34.64,7.36,15.87,6.18,0.079,2026-03-21
SMP-10339,DH-2116,MINE-02-ZONE-C,0.0,25.0,26.69,6.26,11.38,6.94,0.272,2026-03-22
SMP-10340,DH-2116,MINE-02-ZONE-C,25.0,50.0,27.82,14.41,21.14,5.09,0.098,2026-03-22
SMP-10341,DH-2116,MINE-02-ZONE-C,50.0,75.0,23.34,10.08,10.17,7.11,0.314,2026-03-22
SMP-10342,DH-2116,MINE-02-ZONE-C,75.0,100.0,20.52,6.31,21.33,7.02,0.125,2026-03-22
SMP-10343,DH-2117,MINE-03-ZONE-E,0.0,25.0,27.44,12.17,11.87,4.93,0.184,2026-03-24
SMP-10344,DH-2117,MINE-03-ZONE-E,25.0,50.0,27.82,9.69,16.82,4.07,0.301,2026-03-24
SMP-10345,DH-2117,MINE-03-ZONE-E,50.0,75.0,20.8,13.97,9.45,2.16,0.065,2026-03-24
SMP-10346,DH-2117,MINE-03-ZONE-E,75.0,100.0,26.75,13.36,11.43,3.33,0.118,2026-03-24
SMP-10347,DH-2118,MINE-02-ZONE-B,0.0,25.0,29.93,11.21,8.14,3.51,0.292,2026-03-25
SMP-10348,DH-2118,MINE-02-ZONE-B,25.0,50.0,26.51,15.6,18.28,4.54,0.163,2026-03-25
SMP-10349,DH-2119,MINE-03-ZONE-B,0.0,25.0,28.09,15.99,23.46,7.04,0.218,2026-03-27
SMP-10350,DH-2119,MINE-03-ZONE-B,25.0,50.0,33.96,7.39,18.95,4.89,0.151,2026-03-27
SMP-10351,DH-2120,MINE-02-ZONE-D,0.0,25.0,37.54,6.88,8.91,7.14,0.293,2026-03-28
SMP-10352,DH-2120,MINE-02-ZONE-D,25.0,50.0,36.41,7.84,10.24,2.15,0.199,2026-03-28
SMP-10353,DH-2121,MINE-02-ZONE-E,0.0,25.0,26.66,12.56,18.98,5.83,0.193,2026-03-30
SMP-10354,DH-2121,MINE-02-ZONE-E,25.0,50.0,32.64,8.3,12.8,3.02,0.247,2026-03-30
SMP-10355,DH-2122,MINE-04-ZONE-C,0.0,25.0,30.82,14.8,18.47,3.33,0.117,2026-03-31
SMP-10356,DH-2122,MINE-04-ZONE-C,25.0,50.0,30.06,9.05,22.19,4.23,0.226,2026-03-31
SMP-10357,DH-2123,MINE-03-ZONE-E,0.0,25.0,42.43,14.41,14.11,3.79,0.066,2026-04-02
SMP-10358,DH-2123,MINE-03-ZONE-E,25.0,50.0,45.97,5.65,11.2,4.46,0.221,2026-04-02
SMP-10359,DH-2124,MINE-03-ZONE-E,0.0,25.0,23.57,4.7,15.23,3.26,0.282,2026-04-03
SMP-10360,DH-2124,MINE-03-ZONE-E,25.0,50.0,26.2,5.9,20.56,6.68,0.089,2026-04-03
SMP-10361,DH-2125,MINE-03-ZONE-D,0.0,25.0,35.93,4.17,13.16,7.0,0.107,2026-04-05
SMP-10362,DH-2125,MINE-03-ZONE-D,25.0,50.0,38.97,11.52,11.98,6.16,0.153,2026-04-05
SMP-10363,DH-2125,MINE-03-ZONE-D,50.0,75.0,33.49,8.6,17.42,3.0,0.297,2026-04-05
SMP-10364,DH-2125,MINE-03-ZONE-D,75.0,100.0,35.18,7.49,19.65,5.58,0.151,2026-04-05
SMP-10365,DH-2126,MINE-01-ZONE-E,0.0,25.0,32.5,5.57,19.75,5.54,0.101,2026-04-06
SMP-10366,DH-2126,MINE-01-ZONE-E,25.0,50.0,28.9,11.81,8.6,7.26,0.127,2026-04-06
SMP-10367,DH-2127,MINE-04-ZONE-C,0.0,25.0,36.13,8.56,16.76,4.85,0.096,2026-04-08
SMP-10368,DH-2127,MINE-04-ZONE-C,25.0,50.0,38.91,11.56,12.82,5.97,0.249,2026-04-08
SMP-10369,DH-2128,MINE-02-ZONE-D,0.0,25.0,34.78,13.42,15.96,5.65,0.283,2026-04-09
SMP-10370,DH-2128,MINE-02-ZONE-D,25.0,50.0,40.26,15.68,13.73,4.46,0.098,2026-04-09
SMP-10371,DH-2129,MINE-04-ZONE-C,0.0,25.0,37.98,14.02,18.7,2.89,0.077,2026-04-11
SMP-10372,DH-2129,MINE-04-ZONE-C,25.0,50.0,34.03,12.68,9.62,3.54,0.119,2026-04-11
SMP-10373,DH-2130,MINE-02-ZONE-E,0.0,25.0,26.47,12.86,9.52,6.55,0.064,2026-04-12
SMP-10374,DH-2130,MINE-02-ZONE-E,25.0,50.0,31.86,11.96,10.73,4.15,0.181,2026-04-12
SMP-10375,DH-2130,MINE-02-ZONE-E,50.0,75.0,29.56,14.54,9.49,6.89,0.105,2026-04-12
SMP-10376,DH-2130,MINE-02-ZONE-E,75.0,100.0,27.35,15.55,12.35,4.31,0.305,2026-04-12
SMP-10377,DH-2131,MINE-03-ZONE-D,0.0,25.0,33.61,14.93,15.72,5.41,0.181,2026-04-14
SMP-10378,DH-2131,MINE-03-ZONE-D,25.0,50.0,38.68,13.35,17.78,7.18,0.314,2026-04-14
SMP-10379,DH-2132,MINE-01-ZONE-E,0.0,25.0,28.71,14.42,16.4,6.46,0.267,2026-04-15
SMP-10380,DH-2132,MINE-01-ZONE-E,25.0,50.0,30.83,15.47,21.97,5.11,0.256,2026-04-15
SMP-10381,DH-2132,MINE-01-ZONE-E,50.0,75.0,34.77,9.19,19.63,4.89,0.249,2026-04-15
SMP-10382,DH-2133,MINE-03-ZONE-C,0.0,25.0,25.63,9.63,15.93,2.99,0.275,2026-04-17
SMP-10383,DH-2133,MINE-03-ZONE-C,25.0,50.0,23.78,7.97,12.45,5.04,0.215,2026-04-17
SMP-10384,DH-2134,MINE-03-ZONE-C,0.0,25.0,31.15,5.42,15.96,5.92,0.081,2026-04-18
SMP-10385,DH-2134,MINE-03-ZONE-C,25.0,50.0,30.8,10.69,8.0,2.55,0.231,2026-04-18
SMP-10386,DH-2134,MINE-03-ZONE-C,50.0,75.0,32.87,7.66,16.13,3.24,0.251,2026-04-18
SMP-10387,DH-2135,MINE-03-ZONE-A,0.0,25.0,30.45,11.89,19.45,2.68,0.278,2026-04-20
SMP-10388,DH-2135,MINE-03-ZONE-A,25.0,50.0,27.94,8.1,21.28,7.79,0.138,2026-04-20
SMP-10389,DH-2135,MINE-03-ZONE-A,50.0,75.0,30.94,12.43,8.73,2.98,0.092,2026-04-20
SMP-10390,DH-2135,MINE-03-ZONE-A,75.0,100.0,32.89,12.66,9.71,5.67,0.106,2026-04-20
SMP-10391,DH-2136,MINE-03-ZONE-C,0.0,25.0,30.54,11.07,20.35,4.7,0.248,2026-04-21
SMP-10392,DH-2136,MINE-03-ZONE-C,25.0,50.0,31.73,5.62,15.98,5.18,0.065,2026-04-21
SMP-10393,DH-2136,MINE-03-ZONE-C,50.0,75.0,31.52,14.07,15.73,5.05,0.326,2026-04-21
SMP-10394,DH-2136,MINE-03-ZONE-C,75.0,100.0,23.94,10.94,19.69,2.77,0.166,2026-04-21
SMP-10395,DH-2137,MINE-04-ZONE-E,0.0,25.0,34.29,15.56,23.53,4.72,0.09,2026-04-23
SMP-10396,DH-2137,MINE-04-ZONE-E,25.0,50.0,35.68,12.4,19.97,3.79,0.26,2026-04-23
SMP-10397,DH-2138,MINE-03-ZONE-A,0.0,25.0,37.53,12.07,23.7,5.9,0.337,2026-04-24
SMP-10398,DH-2138,MINE-03-ZONE-A,25.0,50.0,39.12,12.33,13.16,2.69,0.156,2026-04-24
SMP-10399,DH-2138,MINE-03-ZONE-A,50.0,75.0,38.88,10.85,18.67,4.5,0.274,2026-04-24
SMP-10400,DH-2138,MINE-03-ZONE-A,75.0,100.0,42.49,7.43,21.56,6.85,0.207,2026-04-24
SMP-10401,DH-2139,MINE-01-ZONE-A,0.0,25.0,28.65,14.07,19.05,3.77,0.276,2026-04-26
SMP-10402,DH-2139,MINE-01-ZONE-A,25.0,50.0,26.46,13.77,9.64,7.21,0.272,2026-04-26
SMP-10403,DH-2139,MINE-01-ZONE-A,50.0,75.0,34.79,12.91,16.98,3.43,0.285,2026-04-26
SMP-10404,DH-2139,MINE-01-ZONE-A,75.0,100.0,34.13,7.45,18.63,7.56,0.166,2026-04-26
SMP-10405,DH-2140,MINE-03-ZONE-A,0.0,25.0,47.23,11.77,20.08,5.28,0.231,2026-04-27
SMP-10406,DH-2140,MINE-03-ZONE-A,25.0,50.0,47.94,15.57,12.71,3.06,0.255,2026-04-27
SMP-10407,DH-2140,MINE-03-ZONE-A,50.0,75.0,42.05,6.09,16.22,4.26,0.179,2026-04-27
SMP-10408,DH-2140,MINE-03-ZONE-A,75.0,100.0,45.75,5.56,17.34,3.53,0.149,2026-04-27
SMP-10409,DH-2141,MINE-01-ZONE-E,0.0,25.0,20.97,13.48,16.8,2.44,0.262,2026-04-29
SMP-10410,DH-2141,MINE-01-ZONE-E,25.0,50.0,23.21,15.48,16.33,6.72,0.098,2026-04-29
SMP-10411,DH-2141,MINE-01-ZONE-E,50.0,75.0,23.39,8.84,13.59,7.3,0.249,2026-04-29
SMP-10412,DH-2141,MINE-01-ZONE-E,75.0,100.0,21.27,7.52,23.2,5.71,0.192,2026-04-29
SMP-10413,DH-2142,MINE-04-ZONE-C,0.0,25.0,42.91,11.45,23.34,6.1,0.146,2026-04-30
SMP-10414,DH-2142,MINE-04-ZONE-C,25.0,50.0,45.93,15.34,14.17,5.24,0.135,2026-04-30
SMP-10415,DH-2142,MINE-04-ZONE-C,50.0,75.0,45.88,13.87,14.0,6.82,0.184,2026-04-30
SMP-10416,DH-2142,MINE-04-ZONE-C,75.0,100.0,37.21,14.78,11.08,5.08,0.334,2026-04-30
SMP-10417,DH-2143,MINE-02-ZONE-A,0.0,25.0,48.97,9.09,9.66,5.23,0.261,2026-05-02
SMP-10418,DH-2143,MINE-02-ZONE-A,25.0,50.0,50.08,13.3,18.34,7.64,0.274,2026-05-02
SMP-10419,DH-2144,MINE-01-ZONE-E,0.0,25.0,18.27,13.86,22.58,4.45,0.185,2026-05-03
SMP-10420,DH-2144,MINE-01-ZONE-E,25.0,50.0,21.61,7.8,14.23,2.71,0.052,2026-05-03
SMP-10421,DH-2144,MINE-01-ZONE-E,50.0,75.0,24.77,4.76,19.94,2.27,0.304,2026-05-03
SMP-10422,DH-2144,MINE-01-ZONE-E,75.0,100.0,21.15,10.03,12.64,6.12,0.232,2026-05-03
SMP-10423,DH-2145,MINE-02-ZONE-E,0.0,25.0,36.73,8.69,20.76,5.27,0.338,2026-05-05
SMP-10424,DH-2145,MINE-02-ZONE-E,25.0,50.0,36.81,12.13,22.63,6.77,0.269,2026-05-05
SMP-10425,DH-2146,MINE-03-ZONE-B,0.0,25.0,43.92,10.57,9.36,3.26,0.272,2026-05-06
SMP-10426,DH-2146,MINE-03-ZONE-B,25.0,50.0,47.24,6.54,22.49,7.11,0.093,2026-05-06
SMP-10427,DH-2146,MINE-03-ZONE-B,50.0,75.0,41.82,11.4,12.04,2.69,0.251,2026-05-06
SMP-10428,DH-2146,MINE-03-ZONE-B,75.0,100.0,45.65,4.65,20.02,7.94,0.215,2026-05-06
SMP-10429,DH-2147,MINE-04-ZONE-C,0.0,25.0,22.33,12.06,11.75,3.71,0.071,2026-05-08
SMP-10430,DH-2147,MINE-04-ZONE-C,25.0,50.0,20.69,9.83,13.25,5.96,0.258,2026-05-08
SMP-10431,DH-2147,MINE-04-ZONE-C,50.0,75.0,20.28,10.8,20.92,7.75,0.101,2026-05-08
SMP-10432,DH-2148,MINE-03-ZONE-A,0.0,25.0,26.23,9.76,15.13,6.65,0.196,2026-05-09
SMP-10433,DH-2148,MINE-03-ZONE-A,25.0,50.0,24.0,11.75,9.31,3.68,0.298,2026-05-09
SMP-10434,DH-2148,MINE-03-ZONE-A,50.0,75.0,31.82,6.36,19.74,5.76,0.268,2026-05-09
SMP-10435,DH-2148,MINE-03-ZONE-A,75.0,100.0,31.83,14.2,18.11,6.88,0.224,2026-05-09
SMP-10436,DH-2149,MINE-04-ZONE-D,0.0,25.0,25.77,6.68,20.35,6.4,0.137,2026-05-11
SMP-10437,DH-2149,MINE-04-ZONE-D,25.0,50.0,26.76,10.12,14.35,5.01,0.249,2026-05-11
SMP-10438,DH-2150,MINE-04-ZONE-E,0.0,25.0,42.14,5.75,19.71,7.64,0.062,2026-05-12
SMP-10439,DH-2150,MINE-04-ZONE-E,25.0,50.0,41.03,6.78,12.23,3.4,0.251,2026-05-12
SMP-10440,DH-2150,MINE-04-ZONE-E,50.0,75.0,38.6,13.5,14.21,7.51,0.314,2026-05-12
SMP-10441,DH-2150,MINE-04-ZONE-E,75.0,100.0,33.82,11.78,9.65,7.81,0.24,2026-05-12
SMP-10442,DH-2151,MINE-02-ZONE-D,0.0,25.0,43.57,14.03,16.27,4.26,0.322,2026-05-14
SMP-10443,DH-2151,MINE-02-ZONE-D,25.0,50.0,42.2,8.23,21.88,4.92,0.195,2026-05-14
SMP-10444,DH-2151,MINE-02-ZONE-D,50.0,75.0,43.08,10.02,10.22,2.99,0.073,2026-05-14
SMP-10445,DH-2151,MINE-02-ZONE-D,75.0,100.0,43.47,6.54,10.99,4.17,0.265,2026-05-14
SMP-10446,DH-2152,MINE-01-ZONE-D,0.0,25.0,38.78,11.77,14.57,3.46,0.088,2026-05-15
SMP-10447,DH-2152,MINE-01-ZONE-D,25.0,50.0,38.79,5.62,16.2,7.34,0.094,2026-05-15
SMP-10448,DH-2153,MINE-02-ZONE-A,0.0,25.0,30.48,13.86,23.16,3.3,0.232,2026-05-17
SMP-10449,DH-2153,MINE-02-ZONE-A,25.0,50.0,27.91,9.78,11.51,4.46,0.093,2026-05-17
SMP-10450,DH-2153,MINE-02-ZONE-A,50.0,75.0,29.03,13.21,17.97,5.06,0.1,2026-05-17
SMP-10451,DH-2153,MINE-02-ZONE-A,75.0,100.0,30.06,15.07,17.54,2.41,0.163,2026-05-17
SMP-10452,DH-2154,MINE-01-ZONE-E,0.0,25.0,20.57,9.71,17.84,2.23,0.285,2026-05-18
SMP-10453,DH-2154,MINE-01-ZONE-E,25.0,50.0,24.64,5.41,15.72,2.78,0.231,2026-05-18
SMP-10454,DH-2154,MINE-01-ZONE-E,50.0,75.0,27.89,14.76,20.4,5.9,0.207,2026-05-18
SMP-10455,DH-2154,MINE-01-ZONE-E,75.0,100.0,23.31,4.52,16.48,3.38,0.291,2026-05-18
SMP-10456,DH-2155,MINE-03-ZONE-C,0.0,25.0,27.96,13.19,22.56,2.5,0.229,2026-05-20
SMP-10457,DH-2155,MINE-03-ZONE-C,25.0,50.0,30.85,7.09,8.09,6.46,0.052,2026-05-20
SMP-10458,DH-2156,MINE-04-ZONE-B,0.0,25.0,21.38,11.82,12.06,7.13,0.177,2026-05-21
SMP-10459,DH-2156,MINE-04-ZONE-B,25.0,50.0,23.49,7.31,18.89,6.53,0.174,2026-05-21
SMP-10460,DH-2157,MINE-04-ZONE-C,0.0,25.0,32.56,5.66,21.82,2.71,0.119,2026-05-23
SMP-10461,DH-2157,MINE-04-ZONE-C,25.0,50.0,36.41,15.39,9.6,5.05,0.286,2026-05-23
SMP-10462,DH-2157,MINE-04-ZONE-C,50.0,75.0,36.59,11.37,18.95,2.31,0.167,2026-05-23
SMP-10463,DH-2157,MINE-04-ZONE-C,75.0,100.0,34.94,13.65,21.17,4.83,0.23,2026-05-23
SMP-10464,DH-2158,MINE-01-ZONE-C,0.0,25.0,24.68,10.25,19.39,5.58,0.334,2026-05-24
SMP-10465,DH-2158,MINE-01-ZONE-C,25.0,50.0,26.74,11.68,15.02,3.21,0.247,2026-05-24
SMP-10466,DH-2158,MINE-01-ZONE-C,50.0,75.0,26.58,7.43,8.54,5.6,0.205,2026-05-24
SMP-10467,DH-2159,MINE-02-ZONE-C,0.0,25.0,39.56,8.24,14.32,5.52,0.205,2026-05-26
SMP-10468,DH-2159,MINE-02-ZONE-C,25.0,50.0,39.13,4.82,9.44,3.71,0.299,2026-05-26
SMP-10469,DH-2159,MINE-02-ZONE-C,50.0,75.0,40.91,8.18,23.41,3.66,0.232,2026-05-26
SMP-10470,DH-2160,MINE-02-ZONE-B,0.0,25.0,32.94,8.08,9.87,5.08,0.127,2026-05-27
SMP-10471,DH-2160,MINE-02-ZONE-B,25.0,50.0,33.29,13.52,12.0,4.66,0.163,2026-05-27
SMP-10472,DH-2161,MINE-04-ZONE-A,0.0,25.0,40.3,7.09,14.12,6.73,0.116,2026-05-29
SMP-10473,DH-2161,MINE-04-ZONE-A,25.0,50.0,42.49,13.6,14.6,4.12,0.211,2026-05-29
SMP-10474,DH-2162,MINE-02-ZONE-D,0.0,25.0,27.73,8.24,22.31,3.61,0.334,2026-05-30
SMP-10475,DH-2162,MINE-02-ZONE-D,25.0,50.0,29.79,14.92,15.98,3.2,0.271,2026-05-30
SMP-10476,DH-2163,MINE-02-ZONE-D,0.0,25.0,31.16,12.11,18.61,5.68,0.279,2026-06-01
SMP-10477,DH-2163,MINE-02-ZONE-D,25.0,50.0,27.37,4.51,15.72,5.72,0.198,2026-06-01
SMP-10478,DH-2164,MINE-04-ZONE-D,0.0,25.0,39.13,10.31,14.77,7.64,0.06,2026-06-02
SMP-10479,DH-2164,MINE-04-ZONE-D,25.0,50.0,41.32,14.32,20.41,4.74,0.086,2026-06-02
SMP-10480,DH-2164,MINE-04-ZONE-D,50.0,75.0,43.03,7.79,8.13,6.04,0.164,2026-06-02
SMP-10481,DH-2164,MINE-04-ZONE-D,75.0,100.0,38.86,8.34,21.79,3.12,0.129,2026-06-02
SMP-10482,DH-2165,MINE-02-ZONE-D,0.0,25.0,31.96,8.81,15.21,5.43,0.344,2026-06-04
SMP-10483,DH-2165,MINE-02-ZONE-D,25.0,50.0,35.17,13.77,19.53,6.82,0.217,2026-06-04
SMP-10484,DH-2165,MINE-02-ZONE-D,50.0,75.0,36.87,6.35,20.8,6.43,0.192,2026-06-04
SMP-10485,DH-2166,MINE-01-ZONE-A,0.0,25.0,29.09,7.6,16.99,5.41,0.17,2026-06-05
SMP-10486,DH-2166,MINE-01-ZONE-A,25.0,50.0,28.15,4.72,21.02,4.86,0.239,2026-06-05
SMP-10487,DH-2166,MINE-01-ZONE-A,50.0,75.0,25.74,8.02,13.78,5.36,0.33,2026-06-05
SMP-10488,DH-2167,MINE-02-ZONE-D,0.0,25.0,31.76,10.46,23.67,3.71,0.148,2026-06-07
SMP-10489,DH-2167,MINE-02-ZONE-D,25.0,50.0,30.36,13.3,15.15,2.47,0.234,2026-06-07
SMP-10490,DH-2167,MINE-02-ZONE-D,50.0,75.0,29.9,15.48,21.89,5.84,0.329,2026-06-07
SMP-10491,DH-2167,MINE-02-ZONE-D,75.0,100.0,29.48,11.35,14.48,7.44,0.074,2026-06-07
SMP-10492,DH-2168,MINE-03-ZONE-A,0.0,25.0,30.29,15.27,19.97,5.13,0.185,2026-06-08
SMP-10493,DH-2168,MINE-03-ZONE-A,25.0,50.0,24.15,14.25,10.0,3.41,0.125,2026-06-08
SMP-10494,DH-2168,MINE-03-ZONE-A,50.0,75.0,29.92,13.0,11.37,4.38,0.079,2026-06-08
SMP-10495,DH-2169,MINE-04-ZONE-A,0.0,25.0,31.71,11.86,22.17,3.86,0.124,2026-06-10
SMP-10496,DH-2169,MINE-04-ZONE-A,25.0,50.0,33.0,11.52,10.1,7.03,0.059,2026-06-10
SMP-10497,DH-2169,MINE-04-ZONE-A,50.0,75.0,36.8,14.32,13.2,4.86,0.342,2026-06-10
SMP-10498,DH-2169,MINE-04-ZONE-A,75.0,100.0,35.57,7.27,15.12,7.82,0.259,2026-06-10
SMP-10499,DH-2170,MINE-02-ZONE-A,0.0,25.0,36.52,14.91,15.71,3.36,0.077,2026-06-11
SMP-10500,DH-2170,MINE-02-ZONE-A,25.0,50.0,34.26,8.95,10.49,2.06,0.207,2026-06-11
SMP-10501,DH-2170,MINE-02-ZONE-A,50.0,75.0,38.76,5.64,12.59,5.21,0.256,2026-06-11
SMP-10502,DH-2170,MINE-02-ZONE-A,75.0,100.0,36.1,13.07,12.79,6.6,0.289,2026-06-11
SMP-10503,DH-2171,MINE-04-ZONE-E,0.0,25.0,24.18,12.85,14.24,4.27,0.129,2026-06-13
SMP-10504,DH-2171,MINE-04-ZONE-E,25.0,50.0,26.77,6.87,20.23,7.46,0.292,2026-06-13
SMP-10505,DH-2172,MINE-02-ZONE-D,0.0,25.0,24.93,9.46,15.24,6.2,0.198,2026-06-14
SMP-10506,DH-2172,MINE-02-ZONE-D,25.0,50.0,27.04,5.83,23.52,2.13,0.342,2026-06-14
SMP-10507,DH-2172,MINE-02-ZONE-D,50.0,75.0,26.65,5.5,15.01,2.05,0.077,2026-06-14
SMP-10508,DH-2173,MINE-01-ZONE-A,0.0,25.0,32.15,14.12,23.23,2.34,0.283,2026-06-16
SMP-10509,DH-2173,MINE-01-ZONE-A,25.0,50.0,29.56,9.64,11.08,7.05,0.295,2026-06-16
SMP-10510,DH-2174,MINE-01-ZONE-A,0.0,25.0,21.92,12.82,9.5,6.0,0.113,2026-06-17
SMP-10511,DH-2174,MINE-01-ZONE-A,25.0,50.0,23.82,15.53,22.98,2.95,0.268,2026-06-17
SMP-10512,DH-2175,MINE-04-ZONE-C,0.0,25.0,39.23,6.83,14.95,2.09,0.288,2026-06-19
SMP-10513,DH-2175,MINE-04-ZONE-C,25.0,50.0,35.35,8.75,11.89,7.81,0.224,2026-06-19
SMP-10514,DH-2176,MINE-04-ZONE-A,0.0,25.0,36.9,15.64,20.15,2.36,0.157,2026-06-20
SMP-10515,DH-2176,MINE-04-ZONE-A,25.0,50.0,35.06,10.44,9.72,4.93,0.145,2026-06-20
SMP-10516,DH-2176,MINE-04-ZONE-A,50.0,75.0,39.1,11.74,13.56,7.35,0.27,2026-06-20
SMP-10517,DH-2176,MINE-04-ZONE-A,75.0,100.0,33.73,8.53,19.59,3.5,0.062,2026-06-20
SMP-10518,DH-2177,MINE-03-ZONE-E,0.0,25.0,35.1,14.41,17.58,7.16,0.098,2026-06-22
SMP-10519,DH-2177,MINE-03-ZONE-E,25.0,50.0,35.73,9.39,21.11,5.25,0.186,2026-06-22
SMP-10520,DH-2177,MINE-03-ZONE-E,50.0,75.0,38.18,10.07,19.74,7.3,0.236,2026-06-22
SMP-10521,DH-2177,MINE-03-ZONE-E,75.0,100.0,34.06,11.44,13.13,2.38,0.34,2026-06-22
SMP-10522,DH-2178,MINE-03-ZONE-C,0.0,25.0,24.78,5.16,18.54,2.26,0.331,2026-06-23
SMP-10523,DH-2178,MINE-03-ZONE-C,25.0,50.0,23.35,4.38,9.71,3.15,0.06,2026-06-23
SMP-10524,DH-2178,MINE-03-ZONE-C,50.0,75.0,27.98,8.66,15.84,5.74,0.227,2026-06-23
SMP-10525,DH-2178,MINE-03-ZONE-C,75.0,100.0,22.05,6.65,19.49,2.08,0.326,2026-06-23
SMP-10526,DH-2179,MINE-04-ZONE-A,0.0,25.0,47.5,13.53,8.93,5.7,0.209,2026-06-25
SMP-10527,DH-2179,MINE-04-ZONE-A,25.0,50.0,46.62,14.01,9.25,3.3,0.206,2026-06-25
SMP-10528,DH-2179,MINE-04-ZONE-A,50.0,75.0,40.29,6.77,14.17,3.16,0.247,2026-06-25
SMP-10529,DH-2180,MINE-04-ZONE-D,0.0,25.0,35.59,9.5,18.64,7.3,0.1,2026-06-26
SMP-10530,DH-2180,MINE-04-ZONE-D,25.0,50.0,33.81,8.82,13.4,2.95,0.35,2026-06-26
SMP-10531,DH-2180,MINE-04-ZONE-D,50.0,75.0,36.44,8.23,13.04,7.95,0.147,2026-06-26
SMP-10532,DH-2180,MINE-04-ZONE-D,75.0,100.0,35.73,13.17,14.89,6.36,0.233,2026-06-26
SMP-10533,DH-2181,MINE-04-ZONE-D,0.0,25.0,39.7,4.0,8.55,3.71,0.055,2026-06-28
SMP-10534,DH-2181,MINE-04-ZONE-D,25.0,50.0,31.45,14.68,8.11,7.91,0.114,2026-06-28
SMP-10535,DH-2181,MINE-04-ZONE-D,50.0,75.0,33.25,13.26,23.09,6.93,0.326,2026-06-28
SMP-10536,DH-2182,MINE-04-ZONE-B,0.0,25.0,34.02,10.99,11.73,6.87,0.078,2026-06-29
SMP-10537,DH-2182,MINE-04-ZONE-B,25.0,50.0,34.35,15.01,19.75,6.34,0.288,2026-06-29
SMP-10538,DH-2182,MINE-04-ZONE-B,50.0,75.0,32.08,13.91,19.03,5.46,0.322,2026-06-29
SMP-10539,DH-2183,MINE-04-ZONE-E,0.0,25.0,35.89,13.81,14.66,7.21,0.311,2026-07-01
SMP-10540,DH-2183,MINE-04-ZONE-E,25.0,50.0,34.68,11.83,17.64,2.07,0.283,2026-07-01
SMP-10541,DH-2183,MINE-04-ZONE-E,50.0,75.0,36.23,7.66,8.66,5.24,0.095,2026-07-01
SMP-10542,DH-2184,MINE-04-ZONE-B,0.0,25.0,38.8,6.67,12.64,4.37,0.09,2026-07-02
SMP-10543,DH-2184,MINE-04-ZONE-B,25.0,50.0,34.58,10.86,8.79,4.4,0.076,2026-07-02
SMP-10544,DH-2184,MINE-04-ZONE-B,50.0,75.0,38.77,13.29,10.09,2.81,0.218,2026-07-02
SMP-10545,DH-2184,MINE-04-ZONE-B,75.0,100.0,38.63,11.83,11.14,5.7,0.271,2026-07-02
SMP-10546,DH-2185,MINE-02-ZONE-C,0.0,25.0,26.96,8.38,11.05,4.07,0.247,2026-07-04
SMP-10547,DH-2185,MINE-02-ZONE-C,25.0,50.0,30.52,6.03,13.6,6.93,0.291,2026-07-04
SMP-10548,DH-2185,MINE-02-ZONE-C,50.0,75.0,29.05,9.29,22.79,3.4,0.256,2026-07-04
SMP-10549,DH-2185,MINE-02-ZONE-C,75.0,100.0,24.38,12.74,9.37,6.44,0.123,2026-07-04
SMP-10550,DH-2186,MINE-04-ZONE-E,0.0,25.0,43.74,4.27,11.34,5.23,0.111,2026-07-05
SMP-10551,DH-2186,MINE-04-ZONE-E,25.0,50.0,44.47,7.1,15.73,6.38,0.092,2026-07-05
SMP-10552,DH-2186,MINE-04-ZONE-E,50.0,75.0,46.23,4.22,17.33,5.98,0.063,2026-07-05
SMP-10553,DH-2187,MINE-02-ZONE-A,0.0,25.0,19.11,11.92,18.61,7.48,0.158,2026-07-07
SMP-10554,DH-2187,MINE-02-ZONE-A,25.0,50.0,19.52,7.51,22.13,4.32,0.344,2026-07-07
SMP-10555,DH-2188,MINE-04-ZONE-B,0.0,25.0,45.45,9.5,22.82,2.13,0.124,2026-07-08
SMP-10556,DH-2188,MINE-04-ZONE-B,25.0,50.0,45.73,8.0,14.29,2.94,0.154,2026-07-08
SMP-10557,DH-2189,MINE-03-ZONE-B,0.0,25.0,28.11,8.65,24.0,7.94,0.333,2026-07-10
SMP-10558,DH-2189,MINE-03-ZONE-B,25.0,50.0,35.02,6.71,13.47,4.36,0.091,2026-07-10
SMP-10559,DH-2189,MINE-03-ZONE-B,50.0,75.0,32.83,10.25,18.85,7.24,0.256,2026-07-10
SMP-10560,DH-2189,MINE-03-ZONE-B,75.0,100.0,29.7,10.87,14.82,3.87,0.232,2026-07-10
SMP-10561,DH-2190,MINE-03-ZONE-E,0.0,25.0,36.9,14.78,22.55,4.58,0.323,2026-07-11
SMP-10562,DH-2190,MINE-03-ZONE-E,25.0,50.0,37.71,11.87,17.04,2.95,0.07,2026-07-11
SMP-10563,DH-2190,MINE-03-ZONE-E,50.0,75.0,35.34,12.63,10.95,7.04,0.094,2026-07-11
SMP-10564,DH-2191,MINE-01-ZONE-A,0.0,25.0,44.7,7.29,20.47,2.64,0.105,2026-07-13
SMP-10565,DH-2191,MINE-01-ZONE-A,25.0,50.0,42.99,11.34,12.27,5.4,0.119,2026-07-13
SMP-10566,DH-2191,MINE-01-ZONE-A,50.0,75.0,37.69,12.25,13.75,6.13,0.193,2026-07-13
SMP-10567,DH-2191,MINE-01-ZONE-A,75.0,100.0,40.39,11.26,19.39,4.24,0.306,2026-07-13
SMP-10568,DH-2192,MINE-04-ZONE-A,0.0,25.0,30.6,12.06,11.25,3.23,0.103,2026-07-14
SMP-10569,DH-2192,MINE-04-ZONE-A,25.0,50.0,37.92,9.27,17.87,6.13,0.31,2026-07-14
SMP-10570,DH-2192,MINE-04-ZONE-A,50.0,75.0,37.25,9.13,20.42,5.65,0.297,2026-07-14
SMP-10571,DH-2193,MINE-03-ZONE-A,0.0,25.0,31.67,9.42,21.23,2.25,0.349,2026-07-16
SMP-10572,DH-2193,MINE-03-ZONE-A,25.0,50.0,31.65,8.75,19.76,5.35,0.205,2026-07-16
SMP-10573,DH-2194,MINE-01-ZONE-B,0.0,25.0,24.5,15.03,19.04,7.42,0.189,2026-07-17
SMP-10574,DH-2194,MINE-01-ZONE-B,25.0,50.0,28.02,5.09,16.01,3.08,0.226,2026-07-17
SMP-10575,DH-2194,MINE-01-ZONE-B,50.0,75.0,30.5,10.56,14.29,3.94,0.057,2026-07-17
SMP-10576,DH-2195,MINE-03-ZONE-E,0.0,25.0,40.24,13.56,19.49,2.74,0.084,2026-07-19
SMP-10577,DH-2195,MINE-03-ZONE-E,25.0,50.0,35.66,8.36,16.38,4.3,0.287,2026-07-19
SMP-10578,DH-2195,MINE-03-ZONE-E,50.0,75.0,36.29,15.4,14.06,4.28,0.28,2026-07-19
SMP-10579,DH-2195,MINE-03-ZONE-E,75.0,100.0,40.29,10.79,18.55,2.9,0.311,2026-07-19
SMP-10580,DH-2196,MINE-02-ZONE-A,0.0,25.0,36.64,5.58,11.25,5.74,0.126,2026-07-20
SMP-10581,DH-2196,MINE-02-ZONE-A,25.0,50.0,40.05,14.26,16.7,2.03,0.315,2026-07-20
SMP-10582,DH-2197,MINE-02-ZONE-C,0.0,25.0,31.02,7.34,18.06,6.92,0.112,2026-07-22
SMP-10583,DH-2197,MINE-02-ZONE-C,25.0,50.0,24.05,4.66,13.58,2.87,0.06,2026-07-22
SMP-10584,DH-2198,MINE-04-ZONE-D,0.0,25.0,43.83,11.33,19.06,5.57,0.286,2026-07-23
SMP-10585,DH-2198,MINE-04-ZONE-D,25.0,50.0,38.88,9.46,17.26,7.59,0.078,2026-07-23
SMP-10586,DH-2199,MINE-02-ZONE-E,0.0,25.0,26.1,12.34,12.39,5.16,0.207,2026-07-25
SMP-10587,DH-2199,MINE-02-ZONE-E,25.0,50.0,31.71,11.34,9.75,6.38,0.239,2026-07-25
SMP-10588,DH-2199,MINE-02-ZONE-E,50.0,75.0,34.62,9.8,19.02,7.6,0.346,2026-07-25
SMP-10589,DH-2200,MINE-02-ZONE-E,0.0,25.0,33.39,9.96,19.67,4.99,0.292,2026-07-26
SMP-10590,DH-2200,MINE-02-ZONE-E,25.0,50.0,36.09,6.79,12.65,3.16,0.085,2026-07-26
SMP-10591,DH-2201,MINE-03-ZONE-E,0.0,25.0,35.51,13.67,11.4,5.84,0.257,2026-07-28
SMP-10592,DH-2201,MINE-03-ZONE-E,25.0,50.0,34.55,4.81,12.8,5.3,0.28,2026-07-28
SMP-10593,DH-2201,MINE-03-ZONE-E,50.0,75.0,33.15,8.0,14.34,5.41,0.338,2026-07-28
SMP-10594,DH-2202,MINE-02-ZONE-A,0.0,25.0,23.02,5.86,15.37,7.19,0.319,2026-07-29
SMP-10595,DH-2202,MINE-02-ZONE-A,25.0,50.0,26.28,13.77,22.84,2.34,0.206,2026-07-29
SMP-10596,DH-2202,MINE-02-ZONE-A,50.0,75.0,27.31,12.14,16.88,2.11,0.223,2026-07-29
SMP-10597,DH-2202,MINE-02-ZONE-A,75.0,100.0,24.98,14.99,20.73,2.4,0.095,2026-07-29
SMP-10598,DH-2203,MINE-01-ZONE-A,0.0,25.0,26.31,13.39,12.93,7.15,0.263,2026-07-31
SMP-10599,DH-2203,MINE-01-ZONE-A,25.0,50.0,27.85,5.04,22.03,4.23,0.299,2026-07-31
SMP-10600,DH-2203,MINE-01-ZONE-A,50.0,75.0,28.17,10.3,10.8,4.25,0.061,2026-07-31
SMP-10601,DH-2203,MINE-01-ZONE-A,75.0,100.0,27.16,5.11,16.1,6.79,0.321,2026-07-31
SMP-10602,DH-2204,MINE-01-ZONE-E,0.0,25.0,29.79,15.26,18.83,2.8,0.267,2026-08-01
SMP-10603,DH-2204,MINE-01-ZONE-E,25.0,50.0,26.16,12.56,16.36,2.02,0.33,2026-08-01
SMP-10604,DH-2205,MINE-04-ZONE-E,0.0,25.0,43.71,7.75,22.27,3.93,0.108,2026-08-03
SMP-10605,DH-2205,MINE-04-ZONE-E,25.0,50.0,40.7,7.83,15.06,2.71,0.095,2026-08-03
SMP-10606,DH-2206,MINE-02-ZONE-D,0.0,25.0,22.46,15.32,20.86,5.44,0.101,2026-08-04
SMP-10607,DH-2206,MINE-02-ZONE-D,25.0,50.0,22.86,14.71,16.65,2.3,0.059,2026-08-04
SMP-10608,DH-2206,MINE-02-ZONE-D,50.0,75.0,28.78,4.61,14.14,2.52,0.168,2026-08-04
SMP-10609,DH-2207,MINE-04-ZONE-E,0.0,25.0,45.52,12.05,16.54,7.84,0.277,2026-08-06
SMP-10610,DH-2207,MINE-04-ZONE-E,25.0,50.0,43.05,5.58,21.01,7.52,0.19,2026-08-06
SMP-10611,DH-2208,MINE-03-ZONE-E,0.0,25.0,27.03,8.36,10.93,7.5,0.149,2026-08-07
SMP-10612,DH-2208,MINE-03-ZONE-E,25.0,50.0,33.06,7.9,15.8,2.39,0.084,2026-08-07
SMP-10613,DH-2208,MINE-03-ZONE-E,50.0,75.0,29.24,14.15,12.52,4.09,0.222,2026-08-07
SMP-10614,DH-2208,MINE-03-ZONE-E,75.0,100.0,29.53,8.87,19.43,2.64,0.217,2026-08-07
SMP-10615,DH-2209,MINE-01-ZONE-C,0.0,25.0,45.76,8.61,13.45,6.88,0.227,2026-08-09
SMP-10616,DH-2209,MINE-01-ZONE-C,25.0,50.0,43.86,9.22,20.6,5.27,0.121,2026-08-09
SMP-10617,DH-2210,MINE-01-ZONE-C,0.0,25.0,35.72,9.34,12.93,4.43,0.229,2026-08-10
SMP-10618,DH-2210,MINE-01-ZONE-C,25.0,50.0,41.6,11.16,21.12,3.96,0.243,2026-08-10
SMP-10619,DH-2210,MINE-01-ZONE-C,50.0,75.0,35.35,6.61,10.22,5.48,0.276,2026-08-10
SMP-10620,DH-2210,MINE-01-ZONE-C,75.0,100.0,42.84,13.08,18.57,4.72,0.137,2026-08-10
SMP-10621,DH-2211,MINE-04-ZONE-E,0.0,25.0,33.92,15.32,14.96,7.9,0.153,2026-08-12
SMP-10622,DH-2211,MINE-04-ZONE-E,25.0,50.0,31.76,4.1,23.78,4.43,0.088,2026-08-12
SMP-10623,DH-2211,MINE-04-ZONE-E,50.0,75.0,33.81,8.43,16.78,2.32,0.261,2026-08-12
SMP-10624,DH-2211,MINE-04-ZONE-E,75.0,100.0,39.08,8.31,21.78,7.19,0.121,2026-08-12
SMP-10625,DH-2212,MINE-04-ZONE-D,0.0,25.0,31.21,6.26,14.15,7.55,0.302,2026-08-13
SMP-10626,DH-2212,MINE-04-ZONE-D,25.0,50.0,28.0,15.97,18.72,2.81,0.072,2026-08-13
SMP-10627,DH-2213,MINE-01-ZONE-A,0.0,25.0,28.52,14.32,22.3,6.17,0.329,2026-08-15
SMP-10628,DH-2213,MINE-01-ZONE-A,25.0,50.0,26.69,9.45,14.79,6.92,0.165,2026-08-15
SMP-10629,DH-2213,MINE-01-ZONE-A,50.0,75.0,22.72,9.1,8.12,4.99,0.269,2026-08-15
SMP-10630,DH-2213,MINE-01-ZONE-A,75.0,100.0,27.58,7.23,22.83,5.46,0.06,2026-08-15
SMP-10631,DH-2214,MINE-01-ZONE-B,0.0,25.0,37.95,15.8,23.74,6.67,0.189,2026-08-16
SMP-10632,DH-2214,MINE-01-ZONE-B,25.0,50.0,31.42,14.68,9.42,4.83,0.273,2026-08-16
SMP-10633,DH-2214,MINE-01-ZONE-B,50.0,75.0,40.24,4.94,18.14,6.79,0.144,2026-08-16
SMP-10634,DH-2214,MINE-01-ZONE-B,75.0,100.0,31.17,8.12,20.46,4.81,0.204,2026-08-16
SMP-10635,DH-2215,MINE-04-ZONE-A,0.0,25.0,37.73,11.17,12.87,6.71,0.128,2026-08-18
SMP-10636,DH-2215,MINE-04-ZONE-A,25.0,50.0,37.07,10.94,17.17,5.94,0.138,2026-08-18
SMP-10637,DH-2216,MINE-04-ZONE-E,0.0,25.0,20.47,14.29,8.23,2.67,0.102,2026-08-19
SMP-10638,DH-2216,MINE-04-ZONE-E,25.0,50.0,23.58,5.81,15.15,6.85,0.128,2026-08-19
SMP-10639,DH-2216,MINE-04-ZONE-E,50.0,75.0,24.67,9.82,20.79,7.17,0.153,2026-08-19
SMP-10640,DH-2216,MINE-04-ZONE-E,75.0,100.0,18.5,5.74,22.94,2.92,0.199,2026-08-19
SMP-10641,DH-2217,MINE-03-ZONE-D,0.0,25.0,36.03,7.17,21.11,2.32,0.189,2026-08-21
SMP-10642,DH-2217,MINE-03-ZONE-D,25.0,50.0,40.25,9.72,23.17,7.53,0.12,2026-08-21
SMP-10643,DH-2217,MINE-03-ZONE-D,50.0,75.0,42.33,8.68,12.2,5.18,0.18,2026-08-21
SMP-10644,DH-2218,MINE-02-ZONE-E,0.0,25.0,48.43,11.65,23.3,4.59,0.325,2026-08-22
SMP-10645,DH-2218,MINE-02-ZONE-E,25.0,50.0,47.83,8.02,12.27,2.59,0.246,2026-08-22
SMP-10646,DH-2219,MINE-03-ZONE-C,0.0,25.0,34.97,6.16,16.76,6.04,0.3,2026-08-24
SMP-10647,DH-2219,MINE-03-ZONE-C,25.0,50.0,28.19,5.17,9.66,4.68,0.116,2026-08-24
SMP-10648,DH-2219,MINE-03-ZONE-C,50.0,75.0,30.9,6.32,8.38,2.55,0.332,2026-08-24
SMP-10649,DH-2219,MINE-03-ZONE-C,75.0,100.0,34.64,14.03,23.21,5.83,0.262,2026-08-24
SMP-10650,DH-2220,MINE-01-ZONE-D,0.0,25.0,28.03,12.35,12.05,4.8,0.331,2026-08-25
SMP-10651,DH-2220,MINE-01-ZONE-D,25.0,50.0,25.46,15.07,12.42,4.56,0.321,2026-08-25
SMP-10652,DH-2221,MINE-03-ZONE-A,0.0,25.0,25.76,13.75,10.85,2.42,0.344,2026-08-27
SMP-10653,DH-2221,MINE-03-ZONE-A,25.0,50.0,25.19,8.71,18.33,2.65,0.212,2026-08-27
SMP-10654,DH-2222,MINE-03-ZONE-D,0.0,25.0,27.95,7.01,15.13,7.38,0.095,2026-08-28
SMP-10655,DH-2222,MINE-03-ZONE-D,25.0,50.0,28.64,15.19,18.63,3.6,0.26,2026-08-28
SMP-10656,DH-2223,MINE-03-ZONE-C,0.0,25.0,38.6,13.42,16.64,2.02,0.336,2026-08-30
SMP-10657,DH-2223,MINE-03-ZONE-C,25.0,50.0,38.97,9.78,17.08,7.61,0.158,2026-08-30
SMP-10658,DH-2223,MINE-03-ZONE-C,50.0,75.0,37.61,8.81,18.12,7.75,0.077,2026-08-30
SMP-10659,DH-2223,MINE-03-ZONE-C,75.0,100.0,36.14,15.53,9.29,4.76,0.28,2026-08-30
SMP-10660,DH-2224,MINE-02-ZONE-B,0.0,25.0,27.55,8.31,9.36,5.8,0.271,2026-08-31
SMP-10661,DH-2224,MINE-02-ZONE-B,25.0,50.0,22.64,6.32,19.52,5.56,0.197,2026-08-31
SMP-10662,DH-2225,MINE-01-ZONE-C,0.0,25.0,36.4,4.67,20.6,2.26,0.085,2026-09-02
SMP-10663,DH-2225,MINE-01-ZONE-C,25.0,50.0,44.1,12.01,15.33,6.07,0.312,2026-09-02
SMP-10664,DH-2226,MINE-01-ZONE-E,0.0,25.0,43.86,11.42,11.88,5.89,0.054,2026-09-03
SMP-10665,DH-2226,MINE-01-ZONE-E,25.0,50.0,41.12,14.86,21.13,2.58,0.233,2026-09-03
SMP-10666,DH-2226,MINE-01-ZONE-E,50.0,75.0,43.14,4.77,21.08,2.69,0.228,2026-09-03
SMP-10667,DH-2227,MINE-04-ZONE-E,0.0,25.0,23.5,12.21,16.73,3.93,0.339,2026-09-05
SMP-10668,DH-2227,MINE-04-ZONE-E,25.0,50.0,24.42,4.55,10.78,2.38,0.132,2026-09-05
SMP-10669,DH-2227,MINE-04-ZONE-E,50.0,75.0,29.87,6.02,13.92,2.99,0.123,2026-09-05
SMP-10670,DH-2228,MINE-04-ZONE-D,0.0,25.0,18.79,4.09,22.82,6.24,0.228,2026-09-06
SMP-10671,DH-2228,MINE-04-ZONE-D,25.0,50.0,20.82,12.32,20.68,4.86,0.088,2026-09-06
SMP-10672,DH-2228,MINE-04-ZONE-D,50.0,75.0,19.41,7.25,15.21,3.44,0.102,2026-09-06
SMP-10673,DH-2229,MINE-01-ZONE-B,0.0,25.0,36.89,6.3,23.79,7.86,0.236,2026-09-08
SMP-10674,DH-2229,MINE-01-ZONE-B,25.0,50.0,39.94,15.84,16.12,4.79,0.238,2026-09-08
SMP-10675,DH-2230,MINE-02-ZONE-B,0.0,25.0,30.33,4.52,18.32,3.71,0.18,2026-09-09
SMP-10676,DH-2230,MINE-02-ZONE-B,25.0,50.0,26.97,13.66,20.13,2.26,0.272,2026-09-09
SMP-10677,DH-2231,MINE-04-ZONE-C,0.0,25.0,27.02,9.03,19.95,7.39,0.119,2026-09-11
SMP-10678,DH-2231,MINE-04-ZONE-C,25.0,50.0,22.32,6.73,11.79,4.48,0.11,2026-09-11
SMP-10679,DH-2231,MINE-04-ZONE-C,50.0,75.0,30.13,4.88,17.36,2.33,0.181,2026-09-11
SMP-10680,DH-2231,MINE-04-ZONE-C,75.0,100.0,23.38,11.31,10.85,4.24,0.187,2026-09-11
SMP-10681,DH-2232,MINE-02-ZONE-B,0.0,25.0,33.54,14.22,15.34,3.03,0.153,2026-09-12
SMP-10682,DH-2232,MINE-02-ZONE-B,25.0,50.0,41.03,11.24,20.63,5.83,0.233,2026-09-12
SMP-10683,DH-2232,MINE-02-ZONE-B,50.0,75.0,33.87,15.64,21.68,2.52,0.307,2026-09-12
SMP-10684,DH-2233,MINE-04-ZONE-A,0.0,25.0,46.42,6.97,14.95,3.33,0.328,2026-09-14
SMP-10685,DH-2233,MINE-04-ZONE-A,25.0,50.0,47.15,14.97,22.37,4.51,0.063,2026-09-14
SMP-10686,DH-2233,MINE-04-ZONE-A,50.0,75.0,47.6,12.8,16.07,4.55,0.168,2026-09-14
SMP-10687,DH-2233,MINE-04-ZONE-A,75.0,100.0,45.79,12.36,9.57,4.97,0.075,2026-09-14
SMP-10688,DH-2234,MINE-01-ZONE-A,0.0,25.0,33.8,12.03,10.59,4.76,0.221,2026-09-15
SMP-10689,DH-2234,MINE-01-ZONE-A,25.0,50.0,39.48,15.72,15.42,2.83,0.261,2026-09-15
SMP-10690,DH-2235,MINE-02-ZONE-A,0.0,25.0,39.29,4.39,14.81,3.62,0.334,2026-09-17
SMP-10691,DH-2235,MINE-02-ZONE-A,25.0,50.0,41.38,13.53,20.6,2.49,0.314,2026-09-17
SMP-10692,DH-2235,MINE-02-ZONE-A,50.0,75.0,43.32,4.66,23.13,6.05,0.316,2026-09-17
SMP-10693,DH-2235,MINE-02-ZONE-A,75.0,100.0,37.07,8.39,17.91,4.19,0.103,2026-09-17
SMP-10694,DH-2236,MINE-04-ZONE-C,0.0,25.0,40.41,12.85,20.04,7.23,0.261,2026-09-18
SMP-10695,DH-2236,MINE-04-ZONE-C,25.0,50.0,41.45,13.13,13.13,7.39,0.201,2026-09-18
SMP-10696,DH-2237,MINE-03-ZONE-D,0.0,25.0,30.75,12.14,16.53,3.75,0.236,2026-09-20
SMP-10697,DH-2237,MINE-03-ZONE-D,25.0,50.0,31.65,15.34,20.94,7.65,0.07,2026-09-20
SMP-10698,DH-2237,MINE-03-ZONE-D,50.0,75.0,32.57,9.49,9.28,7.39,0.137,2026-09-20
SMP-10699,DH-2238,MINE-01-ZONE-C,0.0,25.0,19.85,9.0,18.92,7.59,0.192,2026-09-21
SMP-10700,DH-2238,MINE-01-ZONE-C,25.0,50.0,23.82,12.85,8.34,3.13,0.057,2026-09-21
SMP-10701,DH-2238,MINE-01-ZONE-C,50.0,75.0,27.64,14.02,16.31,4.02,0.224,2026-09-21
SMP-10702,DH-2238,MINE-01-ZONE-C,75.0,100.0,26.18,13.44,15.78,6.0,0.209,2026-09-21
SMP-10703,DH-2239,MINE-04-ZONE-C,0.0,25.0,32.53,15.65,20.32,2.28,0.156,2026-09-23
SMP-10704,DH-2239,MINE-04-ZONE-C,25.0,50.0,32.25,6.0,22.79,6.27,0.136,2026-09-23
SMP-10705,DH-2240,MINE-02-ZONE-A,0.0,25.0,42.89,9.29,13.91,3.23,0.262,2026-09-24
SMP-10706,DH-2240,MINE-02-ZONE-A,25.0,50.0,43.8,15.74,10.37,4.69,0.343,2026-09-24
SMP-10707,DH-2240,MINE-02-ZONE-A,50.0,75.0,42.48,5.46,8.4,7.59,0.281,2026-09-24
