record_id,date,mine_id,rainfall_mm,temp_c,humidity_pct,soil_moisture_pct,weather_condition
WX-MINE-01-2025-09-21,2025-09-21,MINE-01,3.7,25.1,88.4,0.24,CLEAR
WX-MINE-02-2025-09-21,2025-09-21,MINE-02,66.8,27.9,84.3,0.8,HEAVY RAIN
WX-MINE-03-2025-09-21,2025-09-21,MINE-03,4.0,35.3,79.0,0.26,CLEAR
WX-MINE-04-2025-09-21,2025-09-21,MINE-04,1.4,24.2,61.3,0.17,CLEAR
WX-MINE-01-2025-09-22,2025-09-22,MINE-01,0.5,22.5,69.0,0.18,CLEAR
WX-MINE-02-2025-09-22,2025-09-22,MINE-02,41.1,34.2,45.7,0.55,HEAVY RAIN
WX-MINE-03-2025-09-22,2025-09-22,MINE-03,3.1,25.9,39.6,0.26,CLEAR
WX-MINE-04-2025-09-22,2025-09-22,MINE-04,3.8,41.5,56.7,0.23,CLEAR
WX-MINE-01-2025-09-23,2025-09-23,MINE-01,55.9,23.1,71.7,0.66,HEAVY RAIN
WX-MINE-02-2025-09-23,2025-09-23,MINE-02,1.7,29.7,35.7,0.2,CLEAR
WX-MINE-03-2025-09-23,2025-09-23,MINE-03,50.6,33.2,46.9,0.66,HEAVY RAIN
WX-MINE-04-2025-09-23,2025-09-23,MINE-04,1.7,30.9,44.0,0.24,CLEAR
WX-MINE-01-2025-09-24,2025-09-24,MINE-01,2.9,30.3,81.0,0.23,CLEAR
WX-MINE-02-2025-09-24,2025-09-24,MINE-02,39.3,41.8,63.9,0.51,LIGHT RAIN
WX-MINE-03-2025-09-24,2025-09-24,MINE-03,2.4,29.5,35.4,0.23,CLEAR
WX-MINE-04-2025-09-24,2025-09-24,MINE-04,29.0,31.2,66.2,0.48,LIGHT RAIN
WX-MINE-01-2025-09-25,2025-09-25,MINE-01,81.6,27.8,62.0,0.91,HEAVY RAIN
WX-MINE-02-2025-09-25,2025-09-25,MINE-02,61.8,31.9,75.7,0.69,HEAVY RAIN
WX-MINE-03-2025-09-25,2025-09-25,MINE-03,0.6,28.0,70.2,0.22,CLEAR
WX-MINE-04-2025-09-25,2025-09-25,MINE-04,68.3,27.8,44.9,0.81,HEAVY RAIN
WX-MINE-01-2025-09-26,2025-09-26,MINE-01,17.3,37.3,62.1,0.39,LIGHT RAIN
WX-MINE-02-2025-09-26,2025-09-26,MINE-02,43.9,31.6,59.0,0.54,HEAVY RAIN
WX-MINE-03-2025-09-26,2025-09-26,MINE-03,3.9,38.4,55.5,0.26,CLEAR
WX-MINE-04-2025-09-26,2025-09-26,MINE-04,35.8,33.6,43.0,0.49,LIGHT RAIN
WX-MINE-01-2025-09-27,2025-09-27,MINE-01,1.4,23.1,54.9,0.23,CLEAR
WX-MINE-02-2025-09-27,2025-09-27,MINE-02,0.2,27.8,70.1,0.16,CLEAR
WX-MINE-03-2025-09-27,2025-09-27,MINE-03,65.2,37.3,67.9,0.71,HEAVY RAIN
WX-MINE-04-2025-09-27,2025-09-27,MINE-04,40.3,38.9,79.0,0.51,HEAVY RAIN
WX-MINE-01-2025-09-28,2025-09-28,MINE-01,1.5,32.7,54.3,0.18,CLEAR
WX-MINE-02-2025-09-28,2025-09-28,MINE-02,37.5,37.6,57.7,0.55,LIGHT RAIN
WX-MINE-03-2025-09-28,2025-09-28,MINE-03,32.4,32.1,80.7,0.5,LIGHT RAIN
WX-MINE-04-2025-09-28,2025-09-28,MINE-04,70.2,41.0,81.5,0.81,HEAVY RAIN
WX-MINE-01-2025-09-29,2025-09-29,MINE-01,3.2,30.3,85.4,0.19,CLEAR
WX-MINE-02-2025-09-29,2025-09-29,MINE-02,16.4,29.0,73.0,0.3,LIGHT RAIN
WX-MINE-03-2025-09-29,2025-09-29,MINE-03,94.0,32.5,88.4,0.95,HEAVY RAIN
WX-MINE-04-2025-09-29,2025-09-29,MINE-04,74.6,24.4,42.1,0.84,HEAVY RAIN
WX-MINE-01-2025-09-30,2025-09-30,MINE-01,1.2,26.2,89.0,0.2,CLEAR
WX-MINE-02-2025-09-30,2025-09-30,MINE-02,0.4,22.4,61.6,0.2,CLEAR
WX-MINE-03-2025-09-30,2025-09-30,MINE-03,17.6,35.2,67.6,0.34,LIGHT RAIN
WX-MINE-04-2025-09-30,2025-09-30,MINE-04,0.2,28.0,35.6,0.16,CLEAR
WX-MINE-01-2025-10-01,2025-10-01,MINE-01,0.5,34.0,67.3,0.17,CLEAR
WX-MINE-02-2025-10-01,2025-10-01,MINE-02,2.7,22.6,43.0,0.25,CLEAR
WX-MINE-03-2025-10-01,2025-10-01,MINE-03,1.1,33.6,54.4,0.24,CLEAR
WX-MINE-04-2025-10-01,2025-10-01,MINE-04,3.1,34.3,62.8,0.18,CLEAR
WX-MINE-01-2025-10-02,2025-10-02,MINE-01,3.3,37.3,64.1,0.25,CLEAR
WX-MINE-02-2025-10-02,2025-10-02,MINE-02,3.9,25.4,76.5,0.18,CLEAR
WX-MINE-03-2025-10-02,2025-10-02,MINE-03,2.9,40.5,85.6,0.26,CLEAR
WX-MINE-04-2025-10-02,2025-10-02,MINE-04,1.9,36.0,45.2,0.23,CLEAR
WX-MINE-01-2025-10-03,2025-10-03,MINE-01,0.4,38.7,89.0,0.2,CLEAR
WX-MINE-02-2025-10-03,2025-10-03,MINE-02,2.1,30.2,76.9,0.2,CLEAR
WX-MINE-03-2025-10-03,2025-10-03,MINE-03,1.9,32.4,62.3,0.2,CLEAR
WX-MINE-04-2025-10-03,2025-10-03,MINE-04,1.2,36.4,39.5,0.21,CLEAR
WX-MINE-01-2025-10-04,2025-10-04,MINE-01,1.5,31.1,75.5,0.23,CLEAR
WX-MINE-02-2025-10-04,2025-10-04,MINE-02,3.4,26.5,57.4,0.28,CLEAR
WX-MINE-03-2025-10-04,2025-10-04,MINE-03,1.7,39.1,84.2,0.24,CLEAR
WX-MINE-04-2025-10-04,2025-10-04,MINE-04,3.8,29.3,35.7,0.25,CLEAR
WX-MINE-01-2025-10-05,2025-10-05,MINE-01,2.7,29.9,63.7,0.24,CLEAR
WX-MINE-02-2025-10-05,2025-10-05,MINE-02,0.5,29.9,73.2,0.25,CLEAR
WX-MINE-03-2025-10-05,2025-10-05,MINE-03,3.0,39.8,44.3,0.21,CLEAR
WX-MINE-04-2025-10-05,2025-10-05,MINE-04,0.8,26.0,81.4,0.2,CLEAR
WX-MINE-01-2025-10-06,2025-10-06,MINE-01,0.9,30.5,62.5,0.23,CLEAR
WX-MINE-02-2025-10-06,2025-10-06,MINE-02,3.1,33.9,76.6,0.26,CLEAR
WX-MINE-03-2025-10-06,2025-10-06,MINE-03,3.8,29.1,71.7,0.28,CLEAR
WX-MINE-04-2025-10-06,2025-10-06,MINE-04,4.0,32.2,43.1,0.23,CLEAR
WX-MINE-01-2025-10-07,2025-10-07,MINE-01,0.5,31.8,47.7,0.25,CLEAR
WX-MINE-02-2025-10-07,2025-10-07,MINE-02,0.1,36.8,80.7,0.2,CLEAR
WX-MINE-03-2025-10-07,2025-10-07,MINE-03,0.1,25.6,68.3,0.18,CLEAR
WX-MINE-04-2025-10-07,2025-10-07,MINE-04,1.2,34.5,76.8,0.23,CLEAR
WX-MINE-01-2025-10-08,2025-10-08,MINE-01,2.1,31.8,60.6,0.2,CLEAR
WX-MINE-02-2025-10-08,2025-10-08,MINE-02,2.0,32.1,64.8,0.25,CLEAR
WX-MINE-03-2025-10-08,2025-10-08,MINE-03,2.2,22.4,77.0,0.27,CLEAR
WX-MINE-04-2025-10-08,2025-10-08,MINE-04,3.5,24.4,59.8,0.26,CLEAR
WX-MINE-01-2025-10-09,2025-10-09,MINE-01,1.8,22.7,44.7,0.23,CLEAR
WX-MINE-02-2025-10-09,2025-10-09,MINE-02,3.1,39.7,44.0,0.22,CLEAR
WX-MINE-03-2025-10-09,2025-10-09,MINE-03,1.2,29.8,77.0,0.22,CLEAR
WX-MINE-04-2025-10-09,2025-10-09,MINE-04,2.0,33.1,64.7,0.21,CLEAR
WX-MINE-01-2025-10-10,2025-10-10,MINE-01,2.2,25.1,38.1,0.19,CLEAR
WX-MINE-02-2025-10-10,2025-10-10,MINE-02,2.4,29.6,72.2,0.25,CLEAR
WX-MINE-03-2025-10-10,2025-10-10,MINE-03,1.1,23.2,67.5,0.17,CLEAR
WX-MINE-04-2025-10-10,2025-10-10,MINE-04,1.5,38.2,67.1,0.24,CLEAR
WX-MINE-01-2025-10-11,2025-10-11,MINE-01,2.5,29.6,58.5,0.27,CLEAR
WX-MINE-02-2025-10-11,2025-10-11,MINE-02,1.6,23.1,48.4,0.19,CLEAR
WX-MINE-03-2025-10-11,2025-10-11,MINE-03,1.2,23.7,72.8,0.25,CLEAR
WX-MINE-04-2025-10-11,2025-10-11,MINE-04,0.5,25.4,64.6,0.16,CLEAR
WX-MINE-01-2025-10-12,2025-10-12,MINE-01,2.6,30.4,63.3,0.21,CLEAR
WX-MINE-02-2025-10-12,2025-10-12,MINE-02,0.1,31.4,36.2,0.18,CLEAR
WX-MINE-03-2025-10-12,2025-10-12,MINE-03,2.3,28.4,40.4,0.22,CLEAR
WX-MINE-04-2025-10-12,2025-10-12,MINE-04,2.8,26.1,62.3,0.25,CLEAR
WX-MINE-01-2025-10-13,2025-10-13,MINE-01,2.7,25.3,51.5,0.27,CLEAR
WX-MINE-02-2025-10-13,2025-10-13,MINE-02,0.8,34.7,88.6,0.16,CLEAR
WX-MINE-03-2025-10-13,2025-10-13,MINE-03,3.4,26.3,49.6,0.21,CLEAR
WX-MINE-04-2025-10-13,2025-10-13,MINE-04,2.3,38.1,69.4,0.26,CLEAR
WX-MINE-01-2025-10-14,2025-10-14,MINE-01,2.9,33.6,67.6,0.2,CLEAR
WX-MINE-02-2025-10-14,2025-10-14,MINE-02,2.3,32.6,58.5,0.2,CLEAR
WX-MINE-03-2025-10-14,2025-10-14,MINE-03,0.3,38.5,62.8,0.18,CLEAR
WX-MINE-04-2025-10-14,2025-10-14,MINE-04,2.7,28.3,57.8,0.2,CLEAR
WX-MINE-01-2025-10-15,2025-10-15,MINE-01,2.1,35.4,65.1,0.26,CLEAR
WX-MINE-02-2025-10-15,2025-10-15,MINE-02,2.5,32.3,45.3,0.22,CLEAR
WX-MINE-03-2025-10-15,2025-10-15,MINE-03,2.6,38.5,86.6,0.2,CLEAR
WX-MINE-04-2025-10-15,2025-10-15,MINE-04,2.6,38.2,81.9,0.26,CLEAR
WX-MINE-01-2025-10-16,2025-10-16,MINE-01,3.7,36.5,38.3,0.2,CLEAR
WX-MINE-02-2025-10-16,2025-10-16,MINE-02,1.8,26.8,76.1,0.24,CLEAR
WX-MINE-03-2025-10-16,2025-10-16,MINE-03,3.4,30.2,82.3,0.27,CLEAR
WX-MINE-04-2025-10-16,2025-10-16,MINE-04,2.5,38.9,49.7,0.2,CLEAR
WX-MINE-01-2025-10-17,2025-10-17,MINE-01,0.6,35.7,48.0,0.18,CLEAR
WX-MINE-02-2025-10-17,2025-10-17,MINE-02,0.6,22.6,78.8,0.19,CLEAR
WX-MINE-03-2025-10-17,2025-10-17,MINE-03,1.9,41.8,58.2,0.26,CLEAR
WX-MINE-04-2025-10-17,2025-10-17,MINE-04,0.8,27.5,36.6,0.24,CLEAR
WX-MINE-01-2025-10-18,2025-10-18,MINE-01,1.1,33.0,70.4,0.16,CLEAR
WX-MINE-02-2025-10-18,2025-10-18,MINE-02,2.9,37.6,38.0,0.26,CLEAR
WX-MINE-03-2025-10-18,2025-10-18,MINE-03,1.3,28.0,38.5,0.26,CLEAR
WX-MINE-04-2025-10-18,2025-10-18,MINE-04,3.6,35.4,83.7,0.22,CLEAR
WX-MINE-01-2025-10-19,2025-10-19,MINE-01,3.4,38.9,48.0,0.24,CLEAR
WX-MINE-02-2025-10-19,2025-10-19,MINE-02,2.0,24.4,71.5,0.22,CLEAR
WX-MINE-03-2025-10-19,2025-10-19,MINE-03,3.1,32.5,62.3,0.18,CLEAR
WX-MINE-04-2025-10-19,2025-10-19,MINE-04,2.4,37.5,52.2,0.25,CLEAR
WX-MINE-01-2025-10-20,2025-10-20,MINE-01,2.9,38.1,75.9,0.27,CLEAR
WX-MINE-02-2025-10-20,2025-10-20,MINE-02,0.9,24.1,46.8,0.18,CLEAR
WX-MINE-03-2025-10-20,2025-10-20,MINE-03,1.6,39.3,38.1,0.22,CLEAR
WX-MINE-04-2025-10-20,2025-10-20,MINE-04,2.8,24.3,65.0,0.22,CLEAR
WX-MINE-01-2025-10-21,2025-10-21,MINE-01,1.0,27.6,78.1,0.17,CLEAR
WX-MINE-02-2025-10-21,2025-10-21,MINE-02,1.9,29.4,51.9,0.23,CLEAR
WX-MINE-03-2025-10-21,2025-10-21,MINE-03,3.6,22.7,75.7,0.26,CLEAR
WX-MINE-04-2025-10-21,2025-10-21,MINE-04,0.2,40.3,71.9,0.18,CLEAR
WX-MINE-01-2025-10-22,2025-10-22,MINE-01,1.5,34.8,73.5,0.25,CLEAR
WX-MINE-02-2025-10-22,2025-10-22,MINE-02,2.7,32.7,48.0,0.22,CLEAR
WX-MINE-03-2025-10-22,2025-10-22,MINE-03,0.0,41.2,86.0,0.24,CLEAR
WX-MINE-04-2025-10-22,2025-10-22,MINE-04,1.2,40.7,76.6,0.19,CLEAR
WX-MINE-01-2025-10-23,2025-10-23,MINE-01,3.4,25.2,59.1,0.21,CLEAR
WX-MINE-02-2025-10-23,2025-10-23,MINE-02,3.2,34.9,78.4,0.2,CLEAR
WX-MINE-03-2025-10-23,2025-10-23,MINE-03,0.3,37.6,62.0,0.23,CLEAR
WX-MINE-04-2025-10-23,2025-10-23,MINE-04,3.7,28.7,58.2,0.27,CLEAR
WX-MINE-01-2025-10-24,2025-10-24,MINE-01,0.4,25.2,49.4,0.16,CLEAR
WX-MINE-02-2025-10-24,2025-10-24,MINE-02,1.7,36.6,65.1,0.2,CLEAR
WX-MINE-03-2025-10-24,2025-10-24,MINE-03,2.8,37.2,70.3,0.19,CLEAR
WX-MINE-04-2025-10-24,2025-10-24,MINE-04,1.8,34.8,35.2,0.19,CLEAR
WX-MINE-01-2025-10-25,2025-10-25,MINE-01,1.2,33.5,41.1,0.18,CLEAR
WX-MINE-02-2025-10-25,2025-10-25,MINE-02,2.9,37.4,70.7,0.19,CLEAR
WX-MINE-03-2025-10-25,2025-10-25,MINE-03,2.4,30.2,86.7,0.22,CLEAR
WX-MINE-04-2025-10-25,2025-10-25,MINE-04,3.5,24.7,44.5,0.24,CLEAR
WX-MINE-01-2025-10-26,2025-10-26,MINE-01,1.3,27.6,39.6,0.2,CLEAR
WX-MINE-02-2025-10-26,2025-10-26,MINE-02,1.6,29.5,80.9,0.22,CLEAR
WX-MINE-03-2025-10-26,2025-10-26,MINE-03,0.1,22.5,65.7,0.21,CLEAR
WX-MINE-04-2025-10-26,2025-10-26,MINE-04,0.9,23.8,60.4,0.18,CLEAR
WX-MINE-01-2025-10-27,2025-10-27,MINE-01,3.4,23.0,69.0,0.24,CLEAR
WX-MINE-02-2025-10-27,2025-10-27,MINE-02,0.6,41.2,44.4,0.21,CLEAR
WX-MINE-03-2025-10-27,2025-10-27,MINE-03,0.1,32.5,77.5,0.24,CLEAR
WX-MINE-04-2025-10-27,2025-10-27,MINE-04,3.3,31.9,47.3,0.2,CLEAR
WX-MINE-01-2025-10-28,2025-10-28,MINE-01,3.8,38.3,49.6,0.26,CLEAR
WX-MINE-02-2025-10-28,2025-10-28,MINE-02,1.5,30.6,46.4,0.18,CLEAR
WX-MINE-03-2025-10-28,2025-10-28,MINE-03,3.3,36.5,45.4,0.2,CLEAR
WX-MINE-04-2025-10-28,2025-10-28,MINE-04,3.2,22.6,88.7,0.2,CLEAR
WX-MINE-01-2025-10-29,2025-10-29,MINE-01,1.8,27.0,67.1,0.23,CLEAR
WX-MINE-02-2025-10-29,2025-10-29,MINE-02,0.3,31.4,82.9,0.25,CLEAR
WX-MINE-03-2025-10-29,2025-10-29,MINE-03,1.6,26.2,56.1,0.21,CLEAR
WX-MINE-04-2025-10-29,2025-10-29,MINE-04,2.4,23.5,65.6,0.18,CLEAR
WX-MINE-01-2025-10-30,2025-10-30,MINE-01,3.7,31.4,54.5,0.24,CLEAR
WX-MINE-02-2025-10-30,2025-10-30,MINE-02,2.7,38.0,74.0,0.25,CLEAR
WX-MINE-03-2025-10-30,2025-10-30,MINE-03,0.0,32.1,56.0,0.25,CLEAR
WX-MINE-04-2025-10-30,2025-10-30,MINE-04,2.7,24.6,84.1,0.18,CLEAR
WX-MINE-01-2025-10-31,2025-10-31,MINE-01,0.7,25.4,62.1,0.19,CLEAR
WX-MINE-02-2025-10-31,2025-10-31,MINE-02,1.9,23.8,74.1,0.21,CLEAR
WX-MINE-03-2025-10-31,2025-10-31,MINE-03,1.0,28.3,88.8,0.21,CLEAR
WX-MINE-04-2025-10-31,2025-10-31,MINE-04,3.9,27.6,54.8,0.23,CLEAR
WX-MINE-01-2025-11-01,2025-11-01,MINE-01,3.6,27.3,80.6,0.27,CLEAR
WX-MINE-02-2025-11-01,2025-11-01,MINE-02,2.1,30.7,44.1,0.24,CLEAR
WX-MINE-03-2025-11-01,2025-11-01,MINE-03,2.0,41.0,65.6,0.26,CLEAR
WX-MINE-04-2025-11-01,2025-11-01,MINE-04,2.5,30.8,45.4,0.18,CLEAR
WX-MINE-01-2025-11-02,2025-11-02,MINE-01,0.7,31.4,44.0,0.2,CLEAR
WX-MINE-02-2025-11-02,2025-11-02,MINE-02,0.5,39.9,62.2,0.2,CLEAR
WX-MINE-03-2025-11-02,2025-11-02,MINE-03,4.0,33.2,60.2,0.19,CLEAR
WX-MINE-04-2025-11-02,2025-11-02,MINE-04,2.9,25.0,54.2,0.19,CLEAR
WX-MINE-01-2025-11-03,2025-11-03,MINE-01,1.1,38.7,76.2,0.24,CLEAR
WX-MINE-02-2025-11-03,2025-11-03,MINE-02,2.3,35.3,46.7,0.27,CLEAR
WX-MINE-03-2025-11-03,2025-11-03,MINE-03,0.0,37.3,44.9,0.24,CLEAR
WX-MINE-04-2025-11-03,2025-11-03,MINE-04,1.0,32.0,40.2,0.19,CLEAR
WX-MINE-01-2025-11-04,2025-11-04,MINE-01,1.1,41.6,41.7,0.2,CLEAR
WX-MINE-02-2025-11-04,2025-11-04,MINE-02,3.7,24.1,52.8,0.18,CLEAR
WX-MINE-03-2025-11-04,2025-11-04,MINE-03,1.8,36.2,61.4,0.23,CLEAR
WX-MINE-04-2025-11-04,2025-11-04,MINE-04,1.1,35.2,53.1,0.16,CLEAR
WX-MINE-01-2025-11-05,2025-11-05,MINE-01,2.5,31.1,87.1,0.27,CLEAR
WX-MINE-02-2025-11-05,2025-11-05,MINE-02,3.6,37.9,42.1,0.27,CLEAR
WX-MINE-03-2025-11-05,2025-11-05,MINE-03,3.2,27.7,78.9,0.25,CLEAR
WX-MINE-04-2025-11-05,2025-11-05,MINE-04,2.2,34.0,40.1,0.19,CLEAR
WX-MINE-01-2025-11-06,2025-11-06,MINE-01,1.0,37.4,56.9,0.16,CLEAR
WX-MINE-02-2025-11-06,2025-11-06,MINE-02,0.8,29.8,57.1,0.22,CLEAR
WX-MINE-03-2025-11-06,2025-11-06,MINE-03,3.8,25.1,51.4,0.26,CLEAR
WX-MINE-04-2025-11-06,2025-11-06,MINE-04,2.9,40.4,84.7,0.23,CLEAR
WX-MINE-01-2025-11-07,2025-11-07,MINE-01,1.4,23.9,55.2,0.18,CLEAR
WX-MINE-02-2025-11-07,2025-11-07,MINE-02,1.8,29.8,49.8,0.23,CLEAR
WX-MINE-03-2025-11-07,2025-11-07,MINE-03,0.4,30.5,55.3,0.17,CLEAR
WX-MINE-04-2025-11-07,2025-11-07,MINE-04,2.5,23.9,63.2,0.27,CLEAR
WX-MINE-01-2025-11-08,2025-11-08,MINE-01,2.7,35.0,74.2,0.27,CLEAR
WX-MINE-02-2025-11-08,2025-11-08,MINE-02,2.1,34.9,39.6,0.21,CLEAR
WX-MINE-03-2025-11-08,2025-11-08,MINE-03,0.3,38.0,51.5,0.25,CLEAR
WX-MINE-04-2025-11-08,2025-11-08,MINE-04,2.7,28.0,48.7,0.22,CLEAR
WX-MINE-01-2025-11-09,2025-11-09,MINE-01,2.3,33.0,85.5,0.22,CLEAR
WX-MINE-02-2025-11-09,2025-11-09,MINE-02,2.0,30.3,60.6,0.24,CLEAR
WX-MINE-03-2025-11-09,2025-11-09,MINE-03,3.3,29.1,67.2,0.25,CLEAR
WX-MINE-04-2025-11-09,2025-11-09,MINE-04,0.1,36.8,60.5,0.23,CLEAR
WX-MINE-01-2025-11-10,2025-11-10,MINE-01,3.4,22.9,57.9,0.25,CLEAR
WX-MINE-02-2025-11-10,2025-11-10,MINE-02,1.3,36.5,76.7,0.21,CLEAR
WX-MINE-03-2025-11-10,2025-11-10,MINE-03,3.2,28.8,85.5,0.26,CLEAR
WX-MINE-04-2025-11-10,2025-11-10,MINE-04,0.8,23.6,89.0,0.18,CLEAR
WX-MINE-01-2025-11-11,2025-11-11,MINE-01,2.7,30.7,36.0,0.21,CLEAR
WX-MINE-02-2025-11-11,2025-11-11,MINE-02,0.1,35.1,60.3,0.19,CLEAR
WX-MINE-03-2025-11-11,2025-11-11,MINE-03,2.6,36.9,74.9,0.2,CLEAR
WX-MINE-04-2025-11-11,2025-11-11,MINE-04,3.3,34.3,73.0,0.27,CLEAR
WX-MINE-01-2025-11-12,2025-11-12,MINE-01,2.7,38.1,39.8,0.19,CLEAR
WX-MINE-02-2025-11-12,2025-11-12,MINE-02,0.8,38.3,73.3,0.18,CLEAR
WX-MINE-03-2025-11-12,2025-11-12,MINE-03,0.1,31.6,43.0,0.18,CLEAR
WX-MINE-04-2025-11-12,2025-11-12,MINE-04,3.4,39.2,64.6,0.19,CLEAR
WX-MINE-01-2025-11-13,2025-11-13,MINE-01,3.1,25.0,58.2,0.19,CLEAR
WX-MINE-02-2025-11-13,2025-11-13,MINE-02,3.6,36.8,59.5,0.23,CLEAR
WX-MINE-03-2025-11-13,2025-11-13,MINE-03,0.1,31.0,48.3,0.18,CLEAR
WX-MINE-04-2025-11-13,2025-11-13,MINE-04,3.3,29.8,53.4,0.19,CLEAR
WX-MINE-01-2025-11-14,2025-11-14,MINE-01,3.4,30.6,57.9,0.23,CLEAR
WX-MINE-02-2025-11-14,2025-11-14,MINE-02,2.3,36.6,89.9,0.17,CLEAR
WX-MINE-03-2025-11-14,2025-11-14,MINE-03,1.6,32.3,74.9,0.26,CLEAR
WX-MINE-04-2025-11-14,2025-11-14,MINE-04,3.6,39.4,47.8,0.19,CLEAR
WX-MINE-01-2025-11-15,2025-11-15,MINE-01,0.1,33.5,65.4,0.18,CLEAR
WX-MINE-02-2025-11-15,2025-11-15,MINE-02,2.6,39.8,41.4,0.23,CLEAR
WX-MINE-03-2025-11-15,2025-11-15,MINE-03,2.6,31.0,59.0,0.19,CLEAR
WX-MINE-04-2025-11-15,2025-11-15,MINE-04,2.9,31.4,59.1,0.22,CLEAR
WX-MINE-01-2025-11-16,2025-11-16,MINE-01,2.4,35.7,85.7,0.26,CLEAR
WX-MINE-02-2025-11-16,2025-11-16,MINE-02,2.9,31.4,83.6,0.25,CLEAR
WX-MINE-03-2025-11-16,2025-11-16,MINE-03,1.6,30.3,86.8,0.23,CLEAR
WX-MINE-04-2025-11-16,2025-11-16,MINE-04,1.4,31.4,88.4,0.18,CLEAR
WX-MINE-01-2025-11-17,2025-11-17,MINE-01,0.8,35.8,39.7,0.2,CLEAR
WX-MINE-02-2025-11-17,2025-11-17,MINE-02,0.7,25.1,62.1,0.24,CLEAR
WX-MINE-03-2025-11-17,2025-11-17,MINE-03,3.8,31.9,47.9,0.24,CLEAR
WX-MINE-04-2025-11-17,2025-11-17,MINE-04,4.0,29.2,49.3,0.25,CLEAR
WX-MINE-01-2025-11-18,2025-11-18,MINE-01,0.7,39.2,62.7,0.24,CLEAR
WX-MINE-02-2025-11-18,2025-11-18,MINE-02,1.4,24.3,47.5,0.22,CLEAR
WX-MINE-03-2025-11-18,2025-11-18,MINE-03,1.9,41.9,78.2,0.24,CLEAR
WX-MINE-04-2025-11-18,2025-11-18,MINE-04,3.1,33.1,84.3,0.26,CLEAR
WX-MINE-01-2025-11-19,2025-11-19,MINE-01,3.5,34.1,40.7,0.18,CLEAR
WX-MINE-02-2025-11-19,2025-11-19,MINE-02,3.8,38.0,87.9,0.26,CLEAR
WX-MINE-03-2025-11-19,2025-11-19,MINE-03,3.9,37.6,68.5,0.27,CLEAR
WX-MINE-04-2025-11-19,2025-11-19,MINE-04,0.4,33.2,62.9,0.17,CLEAR
WX-MINE-01-2025-11-20,2025-11-20,MINE-01,0.5,26.1,54.9,0.23,CLEAR
WX-MINE-02-2025-11-20,2025-11-20,MINE-02,2.8,37.2,62.4,0.26,CLEAR
WX-MINE-03-2025-11-20,2025-11-20,MINE-03,0.6,29.3,80.1,0.17,CLEAR
WX-MINE-04-2025-11-20,2025-11-20,MINE-04,0.8,41.4,77.3,0.16,CLEAR
WX-MINE-01-2025-11-21,2025-11-21,MINE-01,3.3,31.5,50.8,0.19,CLEAR
WX-MINE-02-2025-11-21,2025-11-21,MINE-02,1.1,36.3,57.8,0.22,CLEAR
WX-MINE-03-2025-11-21,2025-11-21,MINE-03,1.0,37.1,64.1,0.24,CLEAR
WX-MINE-04-2025-11-21,2025-11-21,MINE-04,0.6,30.6,85.5,0.24,CLEAR
WX-MINE-01-2025-11-22,2025-11-22,MINE-01,3.8,32.3,72.5,0.28,CLEAR
WX-MINE-02-2025-11-22,2025-11-22,MINE-02,1.8,37.4,74.5,0.22,CLEAR
WX-MINE-03-2025-11-22,2025-11-22,MINE-03,0.3,28.8,57.1,0.23,CLEAR
WX-MINE-04-2025-11-22,2025-11-22,MINE-04,1.7,29.9,37.0,0.26,CLEAR
WX-MINE-01-2025-11-23,2025-11-23,MINE-01,0.6,33.5,88.8,0.25,CLEAR
WX-MINE-02-2025-11-23,2025-11-23,MINE-02,3.2,39.5,88.5,0.22,CLEAR
WX-MINE-03-2025-11-23,2025-11-23,MINE-03,3.5,36.0,83.0,0.25,CLEAR
WX-MINE-04-2025-11-23,2025-11-23,MINE-04,1.3,28.9,80.5,0.25,CLEAR
WX-MINE-01-2025-11-24,2025-11-24,MINE-01,2.4,24.9,57.2,0.23,CLEAR
WX-MINE-02-2025-11-24,2025-11-24,MINE-02,3.6,34.5,69.0,0.22,CLEAR
WX-MINE-03-2025-11-24,2025-11-24,MINE-03,1.4,38.2,70.7,0.24,CLEAR
WX-MINE-04-2025-11-24,2025-11-24,MINE-04,3.5,23.7,64.6,0.22,CLEAR
WX-MINE-01-2025-11-25,2025-11-25,MINE-01,2.9,39.6,63.6,0.23,CLEAR
WX-MINE-02-2025-11-25,2025-11-25,MINE-02,0.9,32.2,52.2,0.19,CLEAR
WX-MINE-03-2025-11-25,2025-11-25,MINE-03,2.5,22.5,84.0,0.22,CLEAR
WX-MINE-04-2025-11-25,2025-11-25,MINE-04,1.0,38.6,51.7,0.2,CLEAR
WX-MINE-01-2025-11-26,2025-11-26,MINE-01,2.0,36.6,81.3,0.19,CLEAR
WX-MINE-02-2025-11-26,2025-11-26,MINE-02,2.0,24.5,76.6,0.26,CLEAR
WX-MINE-03-2025-11-26,2025-11-26,MINE-03,1.8,33.4,35.3,0.2,CLEAR
WX-MINE-04-2025-11-26,2025-11-26,MINE-04,0.9,36.9,67.0,0.23,CLEAR
WX-MINE-01-2025-11-27,2025-11-27,MINE-01,3.8,35.3,81.4,0.21,CLEAR
WX-MINE-02-2025-11-27,2025-11-27,MINE-02,1.2,35.3,79.8,0.22,CLEAR
WX-MINE-03-2025-11-27,2025-11-27,MINE-03,0.6,29.6,75.6,0.17,CLEAR
WX-MINE-04-2025-11-27,2025-11-27,MINE-04,2.1,25.9,77.8,0.21,CLEAR
WX-MINE-01-2025-11-28,2025-11-28,MINE-01,0.6,30.5,57.7,0.16,CLEAR
WX-MINE-02-2025-11-28,2025-11-28,MINE-02,1.7,24.6,46.8,0.17,CLEAR
WX-MINE-03-2025-11-28,2025-11-28,MINE-03,2.7,30.1,65.7,0.25,CLEAR
WX-MINE-04-2025-11-28,2025-11-28,MINE-04,3.5,33.7,70.0,0.28,CLEAR
WX-MINE-01-2025-11-29,2025-11-29,MINE-01,2.8,41.0,75.2,0.22,CLEAR
WX-MINE-02-2025-11-29,2025-11-29,MINE-02,0.7,32.1,61.7,0.2,CLEAR
WX-MINE-03-2025-11-29,2025-11-29,MINE-03,3.9,32.3,64.1,0.25,CLEAR
WX-MINE-04-2025-11-29,2025-11-29,MINE-04,1.8,22.7,43.6,0.22,CLEAR
WX-MINE-01-2025-11-30,2025-11-30,MINE-01,3.7,24.4,81.9,0.19,CLEAR
WX-MINE-02-2025-11-30,2025-11-30,MINE-02,1.5,27.8,63.8,0.17,CLEAR
WX-MINE-03-2025-11-30,2025-11-30,MINE-03,1.2,29.5,51.2,0.16,CLEAR
WX-MINE-04-2025-11-30,2025-11-30,MINE-04,0.6,37.7,58.2,0.25,CLEAR
WX-MINE-01-2025-12-01,2025-12-01,MINE-01,1.2,27.7,45.1,0.23,CLEAR
WX-MINE-02-2025-12-01,2025-12-01,MINE-02,0.0,33.0,38.7,0.15,CLEAR
WX-MINE-03-2025-12-01,2025-12-01,MINE-03,1.9,28.2,59.9,0.2,CLEAR
WX-MINE-04-2025-12-01,2025-12-01,MINE-04,1.5,38.7,80.9,0.18,CLEAR
WX-MINE-01-2025-12-02,2025-12-02,MINE-01,0.6,34.7,76.9,0.22,CLEAR
WX-MINE-02-2025-12-02,2025-12-02,MINE-02,0.6,36.6,39.9,0.22,CLEAR
WX-MINE-03-2025-12-02,2025-12-02,MINE-03,2.5,29.7,84.5,0.2,CLEAR
WX-MINE-04-2025-12-02,2025-12-02,MINE-04,0.2,35.4,59.4,0.18,CLEAR
WX-MINE-01-2025-12-03,2025-12-03,MINE-01,0.4,25.3,36.4,0.22,CLEAR
WX-MINE-02-2025-12-03,2025-12-03,MINE-02,3.1,28.2,70.5,0.24,CLEAR
WX-MINE-03-2025-12-03,2025-12-03,MINE-03,0.3,41.1,64.8,0.23,CLEAR
WX-MINE-04-2025-12-03,2025-12-03,MINE-04,3.8,32.4,76.3,0.23,CLEAR
WX-MINE-01-2025-12-04,2025-12-04,MINE-01,0.1,35.2,64.3,0.25,CLEAR
WX-MINE-02-2025-12-04,2025-12-04,MINE-02,1.1,26.1,80.6,0.24,CLEAR
WX-MINE-03-2025-12-04,2025-12-04,MINE-03,2.3,23.7,64.3,0.2,CLEAR
WX-MINE-04-2025-12-04,2025-12-04,MINE-04,2.4,31.8,86.4,0.2,CLEAR
WX-MINE-01-2025-12-05,2025-12-05,MINE-01,0.7,22.5,64.0,0.19,CLEAR
WX-MINE-02-2025-12-05,2025-12-05,MINE-02,0.4,41.6,64.8,0.18,CLEAR
WX-MINE-03-2025-12-05,2025-12-05,MINE-03,0.7,37.4,43.5,0.25,CLEAR
WX-MINE-04-2025-12-05,2025-12-05,MINE-04,2.7,23.2,87.9,0.19,CLEAR
WX-MINE-01-2025-12-06,2025-12-06,MINE-01,2.9,28.0,40.4,0.19,CLEAR
WX-MINE-02-2025-12-06,2025-12-06,MINE-02,3.6,27.2,86.8,0.27,CLEAR
WX-MINE-03-2025-12-06,2025-12-06,MINE-03,0.2,26.8,67.8,0.18,CLEAR
WX-MINE-04-2025-12-06,2025-12-06,MINE-04,2.0,32.1,87.2,0.19,CLEAR
WX-MINE-01-2025-12-07,2025-12-07,MINE-01,1.3,33.1,38.6,0.16,CLEAR
WX-MINE-02-2025-12-07,2025-12-07,MINE-02,2.5,40.3,36.0,0.23,CLEAR
WX-MINE-03-2025-12-07,2025-12-07,MINE-03,2.3,24.0,77.0,0.23,CLEAR
WX-MINE-04-2025-12-07,2025-12-07,MINE-04,0.5,33.4,59.5,0.24,CLEAR
WX-MINE-01-2025-12-08,2025-12-08,MINE-01,2.0,37.7,42.8,0.22,CLEAR
WX-MINE-02-2025-12-08,2025-12-08,MINE-02,0.7,26.9,87.4,0.25,CLEAR
WX-MINE-03-2025-12-08,2025-12-08,MINE-03,2.2,22.8,79.7,0.26,CLEAR
WX-MINE-04-2025-12-08,2025-12-08,MINE-04,2.5,35.1,44.2,0.18,CLEAR
WX-MINE-01-2025-12-09,2025-12-09,MINE-01,3.7,27.5,48.8,0.25,CLEAR
WX-MINE-02-2025-12-09,2025-12-09,MINE-02,4.0,38.8,46.7,0.27,CLEAR
WX-MINE-03-2025-12-09,2025-12-09,MINE-03,1.1,25.2,64.4,0.17,CLEAR
WX-MINE-04-2025-12-09,2025-12-09,MINE-04,0.4,36.0,80.7,0.23,CLEAR
WX-MINE-01-2025-12-10,2025-12-10,MINE-01,4.0,39.6,46.6,0.23,CLEAR
WX-MINE-02-2025-12-10,2025-12-10,MINE-02,3.2,39.7,87.0,0.24,CLEAR
WX-MINE-03-2025-12-10,2025-12-10,MINE-03,3.9,36.2,50.0,0.25,CLEAR
WX-MINE-04-2025-12-10,2025-12-10,MINE-04,1.3,26.2,87.7,0.19,CLEAR
WX-MINE-01-2025-12-11,2025-12-11,MINE-01,3.7,24.7,85.7,0.24,CLEAR
WX-MINE-02-2025-12-11,2025-12-11,MINE-02,0.0,22.2,44.5,0.21,CLEAR
WX-MINE-03-2025-12-11,2025-12-11,MINE-03,2.8,31.8,56.6,0.18,CLEAR
WX-MINE-04-2025-12-11,2025-12-11,MINE-04,3.5,35.0,64.6,0.27,CLEAR
WX-MINE-01-2025-12-12,2025-12-12,MINE-01,3.3,30.9,41.8,0.27,CLEAR
WX-MINE-02-2025-12-12,2025-12-12,MINE-02,1.5,34.0,56.3,0.25,CLEAR
WX-MINE-03-2025-12-12,2025-12-12,MINE-03,3.2,41.7,41.9,0.21,CLEAR
WX-MINE-04-2025-12-12,2025-12-12,MINE-04,0.8,22.2,75.9,0.23,CLEAR
WX-MINE-01-2025-12-13,2025-12-13,MINE-01,2.7,36.2,45.5,0.25,CLEAR
WX-MINE-02-2025-12-13,2025-12-13,MINE-02,2.5,38.2,47.2,0.27,CLEAR
WX-MINE-03-2025-12-13,2025-12-13,MINE-03,3.9,22.7,62.1,0.25,CLEAR
WX-MINE-04-2025-12-13,2025-12-13,MINE-04,2.4,22.1,89.1,0.23,CLEAR
WX-MINE-01-2025-12-14,2025-12-14,MINE-01,0.4,27.5,62.5,0.17,CLEAR
WX-MINE-02-2025-12-14,2025-12-14,MINE-02,0.8,36.8,72.0,0.22,CLEAR
WX-MINE-03-2025-12-14,2025-12-14,MINE-03,0.7,33.8,76.0,0.17,CLEAR
WX-MINE-04-2025-12-14,2025-12-14,MINE-04,3.7,39.1,83.5,0.25,CLEAR
WX-MINE-01-2025-12-15,2025-12-15,MINE-01,1.1,39.0,36.3,0.26,CLEAR
WX-MINE-02-2025-12-15,2025-12-15,MINE-02,2.7,34.3,72.4,0.26,CLEAR
WX-MINE-03-2025-12-15,2025-12-15,MINE-03,0.0,30.5,72.0,0.22,CLEAR
WX-MINE-04-2025-12-15,2025-12-15,MINE-04,3.4,28.5,81.4,0.22,CLEAR
WX-MINE-01-2025-12-16,2025-12-16,MINE-01,0.5,32.4,62.3,0.21,CLEAR
WX-MINE-02-2025-12-16,2025-12-16,MINE-02,0.2,36.4,37.6,0.24,CLEAR
WX-MINE-03-2025-12-16,2025-12-16,MINE-03,2.1,28.3,56.6,0.2,CLEAR
WX-MINE-04-2025-12-16,2025-12-16,MINE-04,3.5,38.2,89.5,0.2,CLEAR
WX-MINE-01-2025-12-17,2025-12-17,MINE-01,2.8,41.2,85.4,0.19,CLEAR
WX-MINE-02-2025-12-17,2025-12-17,MINE-02,1.3,23.3,69.4,0.16,CLEAR
WX-MINE-03-2025-12-17,2025-12-17,MINE-03,1.7,22.5,78.8,0.26,CLEAR
WX-MINE-04-2025-12-17,2025-12-17,MINE-04,3.4,26.9,61.0,0.27,CLEAR
WX-MINE-01-2025-12-18,2025-12-18,MINE-01,3.3,38.4,63.6,0.2,CLEAR
WX-MINE-02-2025-12-18,2025-12-18,MINE-02,0.3,34.0,59.1,0.16,CLEAR
WX-MINE-03-2025-12-18,2025-12-18,MINE-03,1.8,24.5,88.6,0.26,CLEAR
WX-MINE-04-2025-12-18,2025-12-18,MINE-04,1.5,39.8,73.1,0.24,CLEAR
WX-MINE-01-2025-12-19,2025-12-19,MINE-01,0.2,38.0,38.0,0.21,CLEAR
WX-MINE-02-2025-12-19,2025-12-19,MINE-02,1.7,24.0,38.1,0.17,CLEAR
WX-MINE-03-2025-12-19,2025-12-19,MINE-03,3.4,30.0,69.0,0.22,CLEAR
WX-MINE-04-2025-12-19,2025-12-19,MINE-04,3.5,37.7,69.3,0.22,CLEAR
WX-MINE-01-2025-12-20,2025-12-20,MINE-01,1.9,30.6,69.1,0.18,CLEAR
WX-MINE-02-2025-12-20,2025-12-20,MINE-02,2.6,35.5,36.4,0.22,CLEAR
WX-MINE-03-2025-12-20,2025-12-20,MINE-03,2.4,24.2,35.7,0.24,CLEAR
WX-MINE-04-2025-12-20,2025-12-20,MINE-04,2.4,38.8,84.7,0.18,CLEAR
WX-MINE-01-2025-12-21,2025-12-21,MINE-01,2.0,29.1,61.5,0.23,CLEAR
WX-MINE-02-2025-12-21,2025-12-21,MINE-02,0.7,24.8,37.4,0.17,CLEAR
WX-MINE-03-2025-12-21,2025-12-21,MINE-03,2.3,32.3,70.8,0.2,CLEAR
WX-MINE-04-2025-12-21,2025-12-21,MINE-04,2.3,32.8,43.0,0.22,CLEAR
WX-MINE-01-2025-12-22,2025-12-22,MINE-01,2.4,27.8,88.4,0.22,CLEAR
WX-MINE-02-2025-12-22,2025-12-22,MINE-02,2.6,24.9,48.1,0.25,CLEAR
WX-MINE-03-2025-12-22,2025-12-22,MINE-03,2.2,23.1,53.9,0.27,CLEAR
WX-MINE-04-2025-12-22,2025-12-22,MINE-04,2.6,26.0,38.8,0.19,CLEAR
WX-MINE-01-2025-12-23,2025-12-23,MINE-01,1.9,35.8,60.7,0.24,CLEAR
WX-MINE-02-2025-12-23,2025-12-23,MINE-02,3.4,33.3,53.5,0.21,CLEAR
WX-MINE-03-2025-12-23,2025-12-23,MINE-03,1.3,24.1,83.2,0.25,CLEAR
WX-MINE-04-2025-12-23,2025-12-23,MINE-04,2.0,40.4,70.1,0.24,CLEAR
WX-MINE-01-2025-12-24,2025-12-24,MINE-01,1.9,26.3,61.4,0.24,CLEAR
WX-MINE-02-2025-12-24,2025-12-24,MINE-02,3.3,38.1,55.7,0.22,CLEAR
WX-MINE-03-2025-12-24,2025-12-24,MINE-03,3.3,22.1,35.5,0.21,CLEAR
WX-MINE-04-2025-12-24,2025-12-24,MINE-04,2.2,24.8,59.2,0.23,CLEAR
WX-MINE-01-2025-12-25,2025-12-25,MINE-01,3.7,29.2,88.6,0.2,CLEAR
WX-MINE-02-2025-12-25,2025-12-25,MINE-02,1.1,26.4,49.4,0.18,CLEAR
WX-MINE-03-2025-12-25,2025-12-25,MINE-03,3.4,26.9,45.8,0.2,CLEAR
WX-MINE-04-2025-12-25,2025-12-25,MINE-04,1.0,24.0,80.7,0.17,CLEAR
WX-MINE-01-2025-12-26,2025-12-26,MINE-01,2.6,39.7,53.6,0.19,CLEAR
WX-MINE-02-2025-12-26,2025-12-26,MINE-02,1.8,29.4,55.5,0.18,CLEAR
WX-MINE-03-2025-12-26,2025-12-26,MINE-03,2.1,38.0,69.3,0.21,CLEAR
WX-MINE-04-2025-12-26,2025-12-26,MINE-04,2.8,24.4,83.5,0.19,CLEAR
WX-MINE-01-2025-12-27,2025-12-27,MINE-01,0.8,32.7,73.2,0.19,CLEAR
WX-MINE-02-2025-12-27,2025-12-27,MINE-02,1.7,34.7,85.7,0.24,CLEAR
WX-MINE-03-2025-12-27,2025-12-27,MINE-03,2.3,39.1,51.2,0.18,CLEAR
WX-MINE-04-2025-12-27,2025-12-27,MINE-04,1.0,34.6,50.4,0.17,CLEAR
WX-MINE-01-2025-12-28,2025-12-28,MINE-01,2.0,33.7,61.9,0.24,CLEAR
WX-MINE-02-2025-12-28,2025-12-28,MINE-02,3.1,37.8,68.8,0.19,CLEAR
WX-MINE-03-2025-12-28,2025-12-28,MINE-03,1.6,39.6,76.3,0.2,CLEAR
WX-MINE-04-2025-12-28,2025-12-28,MINE-04,2.1,25.6,74.2,0.22,CLEAR
WX-MINE-01-2025-12-29,2025-12-29,MINE-01,1.9,41.1,61.1,0.22,CLEAR
WX-MINE-02-2025-12-29,2025-12-29,MINE-02,2.6,37.8,70.7,0.19,CLEAR
WX-MINE-03-2025-12-29,2025-12-29,MINE-03,3.6,31.0,47.9,0.2,CLEAR
WX-MINE-04-2025-12-29,2025-12-29,MINE-04,1.7,29.5,43.6,0.25,CLEAR
WX-MINE-01-2025-12-30,2025-12-30,MINE-01,1.0,23.7,76.3,0.19,CLEAR
WX-MINE-02-2025-12-30,2025-12-30,MINE-02,2.1,26.6,37.3,0.22,CLEAR
WX-MINE-03-2025-12-30,2025-12-30,MINE-03,1.3,31.0,58.8,0.2,CLEAR
WX-MINE-04-2025-12-30,2025-12-30,MINE-04,2.0,27.5,36.4,0.21,CLEAR
WX-MINE-01-2025-12-31,2025-12-31,MINE-01,1.1,23.5,84.6,0.19,CLEAR
WX-MINE-02-2025-12-31,2025-12-31,MINE-02,2.0,32.9,39.3,0.19,CLEAR
WX-MINE-03-2025-12-31,2025-12-31,MINE-03,0.9,24.4,54.8,0.21,CLEAR
WX-MINE-04-2025-12-31,2025-12-31,MINE-04,1.3,35.5,48.8,0.24,CLEAR
WX-MINE-01-2026-01-01,2026-01-01,MINE-01,3.1,38.9,45.5,0.24,CLEAR
WX-MINE-02-2026-01-01,2026-01-01,MINE-02,0.6,39.1,74.4,0.21,CLEAR
WX-MINE-03-2026-01-01,2026-01-01,MINE-03,1.0,37.4,50.5,0.19,CLEAR
WX-MINE-04-2026-01-01,2026-01-01,MINE-04,4.0,40.9,80.2,0.26,CLEAR
WX-MINE-01-2026-01-02,2026-01-02,MINE-01,0.0,35.1,89.4,0.25,CLEAR
WX-MINE-02-2026-01-02,2026-01-02,MINE-02,3.5,26.6,74.8,0.2,CLEAR
WX-MINE-03-2026-01-02,2026-01-02,MINE-03,0.9,33.7,65.4,0.2,CLEAR
WX-MINE-04-2026-01-02,2026-01-02,MINE-04,3.3,28.8,39.7,0.26,CLEAR
WX-MINE-01-2026-01-03,2026-01-03,MINE-01,1.7,40.8,58.0,0.21,CLEAR
WX-MINE-02-2026-01-03,2026-01-03,MINE-02,3.4,22.6,42.6,0.27,CLEAR
WX-MINE-03-2026-01-03,2026-01-03,MINE-03,1.2,36.8,62.5,0.23,CLEAR
WX-MINE-04-2026-01-03,2026-01-03,MINE-04,1.4,26.5,58.4,0.24,CLEAR
WX-MINE-01-2026-01-04,2026-01-04,MINE-01,3.1,35.8,51.5,0.23,CLEAR
WX-MINE-02-2026-01-04,2026-01-04,MINE-02,2.3,22.6,42.7,0.27,CLEAR
WX-MINE-03-2026-01-04,2026-01-04,MINE-03,4.0,33.4,79.0,0.27,CLEAR
WX-MINE-04-2026-01-04,2026-01-04,MINE-04,2.3,29.8,56.0,0.26,CLEAR
WX-MINE-01-2026-01-05,2026-01-05,MINE-01,0.3,29.7,61.1,0.19,CLEAR
WX-MINE-02-2026-01-05,2026-01-05,MINE-02,3.8,34.8,51.8,0.2,CLEAR
WX-MINE-03-2026-01-05,2026-01-05,MINE-03,2.7,25.6,80.5,0.23,CLEAR
WX-MINE-04-2026-01-05,2026-01-05,MINE-04,0.1,26.0,85.1,0.19,CLEAR
WX-MINE-01-2026-01-06,2026-01-06,MINE-01,0.8,27.8,63.8,0.2,CLEAR
WX-MINE-02-2026-01-06,2026-01-06,MINE-02,1.5,22.2,53.0,0.25,CLEAR
WX-MINE-03-2026-01-06,2026-01-06,MINE-03,1.6,41.8,42.1,0.21,CLEAR
WX-MINE-04-2026-01-06,2026-01-06,MINE-04,3.0,29.8,84.7,0.2,CLEAR
WX-MINE-01-2026-01-07,2026-01-07,MINE-01,3.5,28.2,80.0,0.25,CLEAR
WX-MINE-02-2026-01-07,2026-01-07,MINE-02,0.6,33.5,52.1,0.18,CLEAR
WX-MINE-03-2026-01-07,2026-01-07,MINE-03,2.9,31.2,46.1,0.27,CLEAR
WX-MINE-04-2026-01-07,2026-01-07,MINE-04,1.8,38.5,68.3,0.19,CLEAR
WX-MINE-01-2026-01-08,2026-01-08,MINE-01,1.3,33.4,62.0,0.21,CLEAR
WX-MINE-02-2026-01-08,2026-01-08,MINE-02,0.2,23.8,70.5,0.24,CLEAR
WX-MINE-03-2026-01-08,2026-01-08,MINE-03,1.4,38.9,78.6,0.2,CLEAR
WX-MINE-04-2026-01-08,2026-01-08,MINE-04,3.3,39.0,57.8,0.2,CLEAR
WX-MINE-01-2026-01-09,2026-01-09,MINE-01,2.5,30.6,56.2,0.24,CLEAR
WX-MINE-02-2026-01-09,2026-01-09,MINE-02,2.8,23.9,73.4,0.18,CLEAR
WX-MINE-03-2026-01-09,2026-01-09,MINE-03,3.5,25.2,83.5,0.23,CLEAR
WX-MINE-04-2026-01-09,2026-01-09,MINE-04,2.7,23.3,75.0,0.26,CLEAR
WX-MINE-01-2026-01-10,2026-01-10,MINE-01,3.6,30.2,76.9,0.19,CLEAR
WX-MINE-02-2026-01-10,2026-01-10,MINE-02,1.5,37.1,62.7,0.24,CLEAR
WX-MINE-03-2026-01-10,2026-01-10,MINE-03,1.6,25.3,46.4,0.17,CLEAR
WX-MINE-04-2026-01-10,2026-01-10,MINE-04,0.1,34.8,72.2,0.2,CLEAR
WX-MINE-01-2026-01-11,2026-01-11,MINE-01,1.4,30.0,45.7,0.17,CLEAR
WX-MINE-02-2026-01-11,2026-01-11,MINE-02,1.0,36.2,42.5,0.23,CLEAR
WX-MINE-03-2026-01-11,2026-01-11,MINE-03,1.9,31.2,39.5,0.23,CLEAR
WX-MINE-04-2026-01-11,2026-01-11,MINE-04,2.9,30.8,60.9,0.2,CLEAR
WX-MINE-01-2026-01-12,2026-01-12,MINE-01,0.6,38.8,68.4,0.17,CLEAR
WX-MINE-02-2026-01-12,2026-01-12,MINE-02,0.5,36.8,44.3,0.22,CLEAR
WX-MINE-03-2026-01-12,2026-01-12,MINE-03,0.0,27.5,59.2,0.17,CLEAR
WX-MINE-04-2026-01-12,2026-01-12,MINE-04,2.9,39.9,64.3,0.22,CLEAR
WX-MINE-01-2026-01-13,2026-01-13,MINE-01,0.2,34.7,63.8,0.22,CLEAR
WX-MINE-02-2026-01-13,2026-01-13,MINE-02,2.6,24.1,73.0,0.22,CLEAR
WX-MINE-03-2026-01-13,2026-01-13,MINE-03,2.4,23.0,55.8,0.19,CLEAR
WX-MINE-04-2026-01-13,2026-01-13,MINE-04,1.0,40.2,46.0,0.16,CLEAR
WX-MINE-01-2026-01-14,2026-01-14,MINE-01,0.1,22.3,80.1,0.22,CLEAR
WX-MINE-02-2026-01-14,2026-01-14,MINE-02,0.3,41.2,40.3,0.24,CLEAR
WX-MINE-03-2026-01-14,2026-01-14,MINE-03,2.7,36.5,37.4,0.22,CLEAR
WX-MINE-04-2026-01-14,2026-01-14,MINE-04,3.3,28.5,69.5,0.24,CLEAR
WX-MINE-01-2026-01-15,2026-01-15,MINE-01,3.7,29.9,58.5,0.2,CLEAR
WX-MINE-02-2026-01-15,2026-01-15,MINE-02,0.4,28.5,35.8,0.22,CLEAR
WX-MINE-03-2026-01-15,2026-01-15,MINE-03,0.0,26.3,47.1,0.22,CLEAR
WX-MINE-04-2026-01-15,2026-01-15,MINE-04,1.1,34.5,37.4,0.25,CLEAR
WX-MINE-01-2026-01-16,2026-01-16,MINE-01,1.6,37.4,62.5,0.26,CLEAR
WX-MINE-02-2026-01-16,2026-01-16,MINE-02,2.9,37.8,85.7,0.23,CLEAR
WX-MINE-03-2026-01-16,2026-01-16,MINE-03,1.0,23.9,52.8,0.22,CLEAR
WX-MINE-04-2026-01-16,2026-01-16,MINE-04,1.6,40.5,77.4,0.18,CLEAR
WX-MINE-01-2026-01-17,2026-01-17,MINE-01,0.7,37.2,72.8,0.25,CLEAR
WX-MINE-02-2026-01-17,2026-01-17,MINE-02,2.7,23.4,36.0,0.26,CLEAR
WX-MINE-03-2026-01-17,2026-01-17,MINE-03,1.8,32.2,75.8,0.22,CLEAR
WX-MINE-04-2026-01-17,2026-01-17,MINE-04,2.8,22.3,36.2,0.25,CLEAR
WX-MINE-01-2026-01-18,2026-01-18,MINE-01,0.5,26.7,58.6,0.18,CLEAR
WX-MINE-02-2026-01-18,2026-01-18,MINE-02,0.3,24.8,62.4,0.17,CLEAR
WX-MINE-03-2026-01-18,2026-01-18,MINE-03,1.5,34.8,48.1,0.24,CLEAR
WX-MINE-04-2026-01-18,2026-01-18,MINE-04,4.0,30.9,83.3,0.2,CLEAR
WX-MINE-01-2026-01-19,2026-01-19,MINE-01,1.3,37.7,37.2,0.24,CLEAR
WX-MINE-02-2026-01-19,2026-01-19,MINE-02,1.7,38.3,76.3,0.19,CLEAR
WX-MINE-03-2026-01-19,2026-01-19,MINE-03,2.9,28.9,46.3,0.18,CLEAR
WX-MINE-04-2026-01-19,2026-01-19,MINE-04,3.7,41.8,79.1,0.25,CLEAR
WX-MINE-01-2026-01-20,2026-01-20,MINE-01,0.9,39.5,63.7,0.18,CLEAR
WX-MINE-02-2026-01-20,2026-01-20,MINE-02,2.5,23.3,62.0,0.27,CLEAR
WX-MINE-03-2026-01-20,2026-01-20,MINE-03,0.2,41.8,86.6,0.16,CLEAR
WX-MINE-04-2026-01-20,2026-01-20,MINE-04,0.7,33.0,78.7,0.18,CLEAR
WX-MINE-01-2026-01-21,2026-01-21,MINE-01,2.0,30.5,60.7,0.18,CLEAR
WX-MINE-02-2026-01-21,2026-01-21,MINE-02,0.8,30.5,68.3,0.19,CLEAR
WX-MINE-03-2026-01-21,2026-01-21,MINE-03,2.3,41.4,46.1,0.26,CLEAR
WX-MINE-04-2026-01-21,2026-01-21,MINE-04,1.9,41.0,54.8,0.2,CLEAR
WX-MINE-01-2026-01-22,2026-01-22,MINE-01,1.9,30.5,68.5,0.21,CLEAR
WX-MINE-02-2026-01-22,2026-01-22,MINE-02,0.6,41.1,61.5,0.23,CLEAR
WX-MINE-03-2026-01-22,2026-01-22,MINE-03,1.7,23.7,84.9,0.19,CLEAR
WX-MINE-04-2026-01-22,2026-01-22,MINE-04,2.1,33.1,44.7,0.21,CLEAR
WX-MINE-01-2026-01-23,2026-01-23,MINE-01,1.2,27.7,65.9,0.21,CLEAR
WX-MINE-02-2026-01-23,2026-01-23,MINE-02,1.3,36.3,45.8,0.25,CLEAR
WX-MINE-03-2026-01-23,2026-01-23,MINE-03,0.0,39.2,75.2,0.19,CLEAR
WX-MINE-04-2026-01-23,2026-01-23,MINE-04,1.6,30.3,56.7,0.24,CLEAR
WX-MINE-01-2026-01-24,2026-01-24,MINE-01,1.5,28.2,89.3,0.17,CLEAR
WX-MINE-02-2026-01-24,2026-01-24,MINE-02,3.5,41.8,41.8,0.27,CLEAR
WX-MINE-03-2026-01-24,2026-01-24,MINE-03,0.6,37.3,87.6,0.23,CLEAR
WX-MINE-04-2026-01-24,2026-01-24,MINE-04,3.0,29.0,74.0,0.24,CLEAR
WX-MINE-01-2026-01-25,2026-01-25,MINE-01,1.5,23.2,56.2,0.2,CLEAR
WX-MINE-02-2026-01-25,2026-01-25,MINE-02,1.0,31.6,85.7,0.19,CLEAR
WX-MINE-03-2026-01-25,2026-01-25,MINE-03,2.8,22.6,71.6,0.19,CLEAR
WX-MINE-04-2026-01-25,2026-01-25,MINE-04,2.4,40.9,43.1,0.19,CLEAR
WX-MINE-01-2026-01-26,2026-01-26,MINE-01,2.3,35.3,43.9,0.18,CLEAR
WX-MINE-02-2026-01-26,2026-01-26,MINE-02,0.4,36.2,56.1,0.22,CLEAR
WX-MINE-03-2026-01-26,2026-01-26,MINE-03,3.9,23.6,85.0,0.27,CLEAR
WX-MINE-04-2026-01-26,2026-01-26,MINE-04,0.7,30.5,73.1,0.21,CLEAR
WX-MINE-01-2026-01-27,2026-01-27,MINE-01,2.1,39.7,67.2,0.24,CLEAR
WX-MINE-02-2026-01-27,2026-01-27,MINE-02,3.0,40.5,82.8,0.19,CLEAR
WX-MINE-03-2026-01-27,2026-01-27,MINE-03,2.3,38.0,79.8,0.2,CLEAR
WX-MINE-04-2026-01-27,2026-01-27,MINE-04,0.8,37.0,73.4,0.16,CLEAR
WX-MINE-01-2026-01-28,2026-01-28,MINE-01,0.7,31.8,40.3,0.23,CLEAR
WX-MINE-02-2026-01-28,2026-01-28,MINE-02,1.7,30.3,50.9,0.21,CLEAR
WX-MINE-03-2026-01-28,2026-01-28,MINE-03,0.7,25.7,42.4,0.2,CLEAR
WX-MINE-04-2026-01-28,2026-01-28,MINE-04,2.0,24.2,66.2,0.19,CLEAR
WX-MINE-01-2026-01-29,2026-01-29,MINE-01,0.8,37.0,79.5,0.18,CLEAR
WX-MINE-02-2026-01-29,2026-01-29,MINE-02,3.9,39.4,59.2,0.27,CLEAR
WX-MINE-03-2026-01-29,2026-01-29,MINE-03,0.4,34.7,39.4,0.16,CLEAR
WX-MINE-04-2026-01-29,2026-01-29,MINE-04,0.5,23.3,36.6,0.18,CLEAR
WX-MINE-01-2026-01-30,2026-01-30,MINE-01,1.9,37.2,35.5,0.19,CLEAR
WX-MINE-02-2026-01-30,2026-01-30,MINE-02,3.8,35.3,78.4,0.19,CLEAR
WX-MINE-03-2026-01-30,2026-01-30,MINE-03,0.8,37.8,55.7,0.21,CLEAR
WX-MINE-04-2026-01-30,2026-01-30,MINE-04,3.8,27.3,61.7,0.26,CLEAR
WX-MINE-01-2026-01-31,2026-01-31,MINE-01,2.4,28.7,72.5,0.2,CLEAR
WX-MINE-02-2026-01-31,2026-01-31,MINE-02,1.3,26.8,54.9,0.2,CLEAR
WX-MINE-03-2026-01-31,2026-01-31,MINE-03,2.4,41.5,83.0,0.25,CLEAR
WX-MINE-04-2026-01-31,2026-01-31,MINE-04,0.0,39.4,57.1,0.23,CLEAR
WX-MINE-01-2026-02-01,2026-02-01,MINE-01,3.7,22.5,41.8,0.23,CLEAR
WX-MINE-02-2026-02-01,2026-02-01,MINE-02,3.8,37.0,48.7,0.23,CLEAR
WX-MINE-03-2026-02-01,2026-02-01,MINE-03,2.7,39.4,63.3,0.24,CLEAR
WX-MINE-04-2026-02-01,2026-02-01,MINE-04,0.0,34.8,86.8,0.18,CLEAR
WX-MINE-01-2026-02-02,2026-02-02,MINE-01,2.5,39.5,88.3,0.24,CLEAR
WX-MINE-02-2026-02-02,2026-02-02,MINE-02,2.7,26.7,61.6,0.25,CLEAR
WX-MINE-03-2026-02-02,2026-02-02,MINE-03,3.2,29.0,86.6,0.27,CLEAR
WX-MINE-04-2026-02-02,2026-02-02,MINE-04,1.9,35.2,73.5,0.18,CLEAR
WX-MINE-01-2026-02-03,2026-02-03,MINE-01,1.5,34.1,74.2,0.25,CLEAR
WX-MINE-02-2026-02-03,2026-02-03,MINE-02,3.5,37.7,74.4,0.18,CLEAR
WX-MINE-03-2026-02-03,2026-02-03,MINE-03,2.0,23.7,80.8,0.27,CLEAR
WX-MINE-04-2026-02-03,2026-02-03,MINE-04,3.9,31.3,84.3,0.28,CLEAR
WX-MINE-01-2026-02-04,2026-02-04,MINE-01,1.9,32.8,48.4,0.18,CLEAR
WX-MINE-02-2026-02-04,2026-02-04,MINE-02,3.8,36.0,40.8,0.28,CLEAR
WX-MINE-03-2026-02-04,2026-02-04,MINE-03,0.1,40.6,53.0,0.19,CLEAR
WX-MINE-04-2026-02-04,2026-02-04,MINE-04,1.1,36.4,71.6,0.25,CLEAR
WX-MINE-01-2026-02-05,2026-02-05,MINE-01,2.7,35.3,85.8,0.24,CLEAR
WX-MINE-02-2026-02-05,2026-02-05,MINE-02,2.0,37.9,53.3,0.19,CLEAR
WX-MINE-03-2026-02-05,2026-02-05,MINE-03,2.3,40.5,38.6,0.2,CLEAR
WX-MINE-04-2026-02-05,2026-02-05,MINE-04,3.6,36.9,74.9,0.25,CLEAR
WX-MINE-01-2026-02-06,2026-02-06,MINE-01,3.1,41.3,59.0,0.2,CLEAR
WX-MINE-02-2026-02-06,2026-02-06,MINE-02,1.0,27.8,41.1,0.19,CLEAR
WX-MINE-03-2026-02-06,2026-02-06,MINE-03,2.4,25.8,86.8,0.23,CLEAR
WX-MINE-04-2026-02-06,2026-02-06,MINE-04,0.5,28.3,55.9,0.23,CLEAR
WX-MINE-01-2026-02-07,2026-02-07,MINE-01,1.2,33.8,45.4,0.2,CLEAR
WX-MINE-02-2026-02-07,2026-02-07,MINE-02,1.7,37.4,78.9,0.26,CLEAR
WX-MINE-03-2026-02-07,2026-02-07,MINE-03,0.5,35.3,67.5,0.16,CLEAR
WX-MINE-04-2026-02-07,2026-02-07,MINE-04,0.0,39.0,52.4,0.23,CLEAR
WX-MINE-01-2026-02-08,2026-02-08,MINE-01,1.2,26.4,72.4,0.17,CLEAR
WX-MINE-02-2026-02-08,2026-02-08,MINE-02,1.1,36.9,81.7,0.24,CLEAR
WX-MINE-03-2026-02-08,2026-02-08,MINE-03,0.1,28.4,62.6,0.22,CLEAR
WX-MINE-04-2026-02-08,2026-02-08,MINE-04,1.1,39.0,66.6,0.22,CLEAR
WX-MINE-01-2026-02-09,2026-02-09,MINE-01,0.9,27.8,88.2,0.16,CLEAR
WX-MINE-02-2026-02-09,2026-02-09,MINE-02,3.2,25.1,74.4,0.26,CLEAR
WX-MINE-03-2026-02-09,2026-02-09,MINE-03,3.7,26.5,75.5,0.27,CLEAR
WX-MINE-04-2026-02-09,2026-02-09,MINE-04,3.1,39.1,75.0,0.21,CLEAR
WX-MINE-01-2026-02-10,2026-02-10,MINE-01,3.3,40.2,43.8,0.18,CLEAR
WX-MINE-02-2026-02-10,2026-02-10,MINE-02,1.6,30.4,61.0,0.2,CLEAR
WX-MINE-03-2026-02-10,2026-02-10,MINE-03,1.6,23.4,75.0,0.19,CLEAR
WX-MINE-04-2026-02-10,2026-02-10,MINE-04,3.7,36.0,65.1,0.19,CLEAR
WX-MINE-01-2026-02-11,2026-02-11,MINE-01,1.3,37.8,82.6,0.17,CLEAR
WX-MINE-02-2026-02-11,2026-02-11,MINE-02,3.7,28.1,71.0,0.24,CLEAR
WX-MINE-03-2026-02-11,2026-02-11,MINE-03,1.8,31.6,84.3,0.19,CLEAR
WX-MINE-04-2026-02-11,2026-02-11,MINE-04,3.2,25.9,70.8,0.21,CLEAR
WX-MINE-01-2026-02-12,2026-02-12,MINE-01,3.4,24.0,78.2,0.26,CLEAR
WX-MINE-02-2026-02-12,2026-02-12,MINE-02,1.5,41.7,72.4,0.18,CLEAR
WX-MINE-03-2026-02-12,2026-02-12,MINE-03,0.2,29.1,61.1,0.25,CLEAR
WX-MINE-04-2026-02-12,2026-02-12,MINE-04,0.5,32.3,53.6,0.2,CLEAR
WX-MINE-01-2026-02-13,2026-02-13,MINE-01,0.6,36.5,48.5,0.17,CLEAR
WX-MINE-02-2026-02-13,2026-02-13,MINE-02,1.6,28.1,67.8,0.18,CLEAR
WX-MINE-03-2026-02-13,2026-02-13,MINE-03,3.0,37.5,89.5,0.24,CLEAR
WX-MINE-04-2026-02-13,2026-02-13,MINE-04,0.4,31.3,80.0,0.19,CLEAR
WX-MINE-01-2026-02-14,2026-02-14,MINE-01,2.5,30.9,35.6,0.18,CLEAR
WX-MINE-02-2026-02-14,2026-02-14,MINE-02,0.5,34.8,85.0,0.18,CLEAR
WX-MINE-03-2026-02-14,2026-02-14,MINE-03,2.3,41.7,61.4,0.24,CLEAR
WX-MINE-04-2026-02-14,2026-02-14,MINE-04,0.4,33.9,56.1,0.25,CLEAR
WX-MINE-01-2026-02-15,2026-02-15,MINE-01,2.8,28.0,41.9,0.21,CLEAR
WX-MINE-02-2026-02-15,2026-02-15,MINE-02,2.9,39.2,64.6,0.21,CLEAR
WX-MINE-03-2026-02-15,2026-02-15,MINE-03,2.8,29.9,80.0,0.25,CLEAR
WX-MINE-04-2026-02-15,2026-02-15,MINE-04,2.1,23.3,81.0,0.22,CLEAR
WX-MINE-01-2026-02-16,2026-02-16,MINE-01,3.3,35.0,76.4,0.2,CLEAR
WX-MINE-02-2026-02-16,2026-02-16,MINE-02,2.6,24.3,82.4,0.24,CLEAR
WX-MINE-03-2026-02-16,2026-02-16,MINE-03,0.0,30.9,52.3,0.15,CLEAR
WX-MINE-04-2026-02-16,2026-02-16,MINE-04,2.3,35.1,39.8,0.19,CLEAR
WX-MINE-01-2026-02-17,2026-02-17,MINE-01,3.0,23.7,41.9,0.2,CLEAR
WX-MINE-02-2026-02-17,2026-02-17,MINE-02,3.9,25.4,88.7,0.25,CLEAR
WX-MINE-03-2026-02-17,2026-02-17,MINE-03,1.0,22.9,87.0,0.25,CLEAR
WX-MINE-04-2026-02-17,2026-02-17,MINE-04,1.2,32.7,42.7,0.21,CLEAR
WX-MINE-01-2026-02-18,2026-02-18,MINE-01,1.3,40.2,89.8,0.22,CLEAR
WX-MINE-02-2026-02-18,2026-02-18,MINE-02,2.0,35.8,71.4,0.17,CLEAR
WX-MINE-03-2026-02-18,2026-02-18,MINE-03,0.1,24.8,82.1,0.17,CLEAR
WX-MINE-04-2026-02-18,2026-02-18,MINE-04,0.5,33.0,67.5,0.18,CLEAR
WX-MINE-01-2026-02-19,2026-02-19,MINE-01,2.9,30.4,65.2,0.2,CLEAR
WX-MINE-02-2026-02-19,2026-02-19,MINE-02,2.6,25.3,60.1,0.27,CLEAR
WX-MINE-03-2026-02-19,2026-02-19,MINE-03,2.7,40.8,42.9,0.19,CLEAR
WX-MINE-04-2026-02-19,2026-02-19,MINE-04,2.5,27.4,69.8,0.24,CLEAR
WX-MINE-01-2026-02-20,2026-02-20,MINE-01,2.9,33.3,70.6,0.23,CLEAR
WX-MINE-02-2026-02-20,2026-02-20,MINE-02,0.7,38.4,52.4,0.23,CLEAR
WX-MINE-03-2026-02-20,2026-02-20,MINE-03,1.5,41.3,48.6,0.19,CLEAR
WX-MINE-04-2026-02-20,2026-02-20,MINE-04,2.1,35.7,57.4,0.2,CLEAR
WX-MINE-01-2026-02-21,2026-02-21,MINE-01,0.4,40.2,77.8,0.17,CLEAR
WX-MINE-02-2026-02-21,2026-02-21,MINE-02,3.2,27.5,40.4,0.27,CLEAR
WX-MINE-03-2026-02-21,2026-02-21,MINE-03,0.9,41.0,78.1,0.17,CLEAR
WX-MINE-04-2026-02-21,2026-02-21,MINE-04,2.1,39.5,67.4,0.25,CLEAR
WX-MINE-01-2026-02-22,2026-02-22,MINE-01,0.4,29.0,66.5,0.18,CLEAR
WX-MINE-02-2026-02-22,2026-02-22,MINE-02,1.1,24.0,37.6,0.19,CLEAR
WX-MINE-03-2026-02-22,2026-02-22,MINE-03,3.0,25.6,79.3,0.24,CLEAR
WX-MINE-04-2026-02-22,2026-02-22,MINE-04,3.2,33.0,83.5,0.22,CLEAR
WX-MINE-01-2026-02-23,2026-02-23,MINE-01,2.4,27.2,72.8,0.24,CLEAR
WX-MINE-02-2026-02-23,2026-02-23,MINE-02,2.6,24.9,66.2,0.2,CLEAR
WX-MINE-03-2026-02-23,2026-02-23,MINE-03,3.7,34.8,55.4,0.26,CLEAR
WX-MINE-04-2026-02-23,2026-02-23,MINE-04,2.7,30.4,60.2,0.22,CLEAR
WX-MINE-01-2026-02-24,2026-02-24,MINE-01,1.4,31.4,50.8,0.26,CLEAR
WX-MINE-02-2026-02-24,2026-02-24,MINE-02,2.1,36.4,85.8,0.19,CLEAR
WX-MINE-03-2026-02-24,2026-02-24,MINE-03,2.5,23.7,51.8,0.25,CLEAR
WX-MINE-04-2026-02-24,2026-02-24,MINE-04,3.4,34.7,39.2,0.2,CLEAR
WX-MINE-01-2026-02-25,2026-02-25,MINE-01,0.4,33.5,39.7,0.18,CLEAR
WX-MINE-02-2026-02-25,2026-02-25,MINE-02,3.7,38.2,35.6,0.28,CLEAR
WX-MINE-03-2026-02-25,2026-02-25,MINE-03,2.7,40.6,42.5,0.22,CLEAR
WX-MINE-04-2026-02-25,2026-02-25,MINE-04,2.7,35.5,64.3,0.18,CLEAR
WX-MINE-01-2026-02-26,2026-02-26,MINE-01,0.1,25.8,80.7,0.15,CLEAR
WX-MINE-02-2026-02-26,2026-02-26,MINE-02,1.7,32.7,54.0,0.26,CLEAR
WX-MINE-03-2026-02-26,2026-02-26,MINE-03,2.6,40.4,90.0,0.27,CLEAR
WX-MINE-04-2026-02-26,2026-02-26,MINE-04,2.7,22.8,59.7,0.19,CLEAR
WX-MINE-01-2026-02-27,2026-02-27,MINE-01,3.7,37.3,84.7,0.2,CLEAR
WX-MINE-02-2026-02-27,2026-02-27,MINE-02,1.5,24.7,54.4,0.17,CLEAR
WX-MINE-03-2026-02-27,2026-02-27,MINE-03,2.0,25.4,88.3,0.2,CLEAR
WX-MINE-04-2026-02-27,2026-02-27,MINE-04,2.7,38.6,81.8,0.26,CLEAR
WX-MINE-01-2026-02-28,2026-02-28,MINE-01,1.2,31.7,49.6,0.16,CLEAR
WX-MINE-02-2026-02-28,2026-02-28,MINE-02,2.5,29.9,85.8,0.26,CLEAR
WX-MINE-03-2026-02-28,2026-02-28,MINE-03,3.8,32.3,84.1,0.28,CLEAR
WX-MINE-04-2026-02-28,2026-02-28,MINE-04,3.6,39.0,38.2,0.18,CLEAR
WX-MINE-01-2026-03-01,2026-03-01,MINE-01,1.8,28.0,40.9,0.2,CLEAR
WX-MINE-02-2026-03-01,2026-03-01,MINE-02,2.9,30.0,35.5,0.22,CLEAR
WX-MINE-03-2026-03-01,2026-03-01,MINE-03,0.8,32.6,84.4,0.2,CLEAR
WX-MINE-04-2026-03-01,2026-03-01,MINE-04,3.7,22.1,77.3,0.21,CLEAR
WX-MINE-01-2026-03-02,2026-03-02,MINE-01,1.9,29.5,55.0,0.26,CLEAR
WX-MINE-02-2026-03-02,2026-03-02,MINE-02,2.1,27.4,89.4,0.23,CLEAR
WX-MINE-03-2026-03-02,2026-03-02,MINE-03,1.8,24.8,76.1,0.17,CLEAR
WX-MINE-04-2026-03-02,2026-03-02,MINE-04,3.5,36.2,41.1,0.21,CLEAR
WX-MINE-01-2026-03-03,2026-03-03,MINE-01,0.5,30.4,53.2,0.16,CLEAR
WX-MINE-02-2026-03-03,2026-03-03,MINE-02,2.7,41.0,87.8,0.27,CLEAR
WX-MINE-03-2026-03-03,2026-03-03,MINE-03,0.5,31.8,62.3,0.22,CLEAR
WX-MINE-04-2026-03-03,2026-03-03,MINE-04,0.5,37.0,77.9,0.19,CLEAR
WX-MINE-01-2026-03-04,2026-03-04,MINE-01,2.9,36.8,80.4,0.19,CLEAR
WX-MINE-02-2026-03-04,2026-03-04,MINE-02,3.8,37.9,41.9,0.22,CLEAR
WX-MINE-03-2026-03-04,2026-03-04,MINE-03,0.1,35.7,37.9,0.23,CLEAR
WX-MINE-04-2026-03-04,2026-03-04,MINE-04,1.7,33.9,35.4,0.21,CLEAR
WX-MINE-01-2026-03-05,2026-03-05,MINE-01,1.1,23.7,58.6,0.22,CLEAR
WX-MINE-02-2026-03-05,2026-03-05,MINE-02,2.9,25.7,50.5,0.19,CLEAR
WX-MINE-03-2026-03-05,2026-03-05,MINE-03,1.1,36.0,71.6,0.2,CLEAR
WX-MINE-04-2026-03-05,2026-03-05,MINE-04,1.9,37.7,40.7,0.24,CLEAR
WX-MINE-01-2026-03-06,2026-03-06,MINE-01,2.4,25.8,82.0,0.23,CLEAR
WX-MINE-02-2026-03-06,2026-03-06,MINE-02,0.6,24.4,57.1,0.18,CLEAR
WX-MINE-03-2026-03-06,2026-03-06,MINE-03,0.8,24.9,36.0,0.18,CLEAR
WX-MINE-04-2026-03-06,2026-03-06,MINE-04,3.5,29.6,63.9,0.25,CLEAR
WX-MINE-01-2026-03-07,2026-03-07,MINE-01,3.9,26.4,58.4,0.19,CLEAR
WX-MINE-02-2026-03-07,2026-03-07,MINE-02,1.7,23.0,41.1,0.2,CLEAR
WX-MINE-03-2026-03-07,2026-03-07,MINE-03,3.8,36.2,48.6,0.27,CLEAR
WX-MINE-04-2026-03-07,2026-03-07,MINE-04,0.7,22.0,71.3,0.19,CLEAR
WX-MINE-01-2026-03-08,2026-03-08,MINE-01,1.1,27.6,68.4,0.2,CLEAR
WX-MINE-02-2026-03-08,2026-03-08,MINE-02,1.0,31.8,53.4,0.17,CLEAR
WX-MINE-03-2026-03-08,2026-03-08,MINE-03,2.7,35.7,77.4,0.19,CLEAR
WX-MINE-04-2026-03-08,2026-03-08,MINE-04,1.4,38.2,75.9,0.22,CLEAR
WX-MINE-01-2026-03-09,2026-03-09,MINE-01,2.4,26.8,50.2,0.23,CLEAR
WX-MINE-02-2026-03-09,2026-03-09,MINE-02,0.3,24.1,69.6,0.21,CLEAR
WX-MINE-03-2026-03-09,2026-03-09,MINE-03,0.2,41.4,83.6,0.23,CLEAR
WX-MINE-04-2026-03-09,2026-03-09,MINE-04,0.8,30.9,40.4,0.25,CLEAR
WX-MINE-01-2026-03-10,2026-03-10,MINE-01,2.5,28.0,61.1,0.25,CLEAR
WX-MINE-02-2026-03-10,2026-03-10,MINE-02,2.1,25.1,42.0,0.21,CLEAR
WX-MINE-03-2026-03-10,2026-03-10,MINE-03,2.8,39.8,76.8,0.26,CLEAR
WX-MINE-04-2026-03-10,2026-03-10,MINE-04,2.2,28.9,55.1,0.23,CLEAR
WX-MINE-01-2026-03-11,2026-03-11,MINE-01,0.5,30.7,61.6,0.21,CLEAR
WX-MINE-02-2026-03-11,2026-03-11,MINE-02,3.8,37.8,44.2,0.21,CLEAR
WX-MINE-03-2026-03-11,2026-03-11,MINE-03,3.9,27.8,87.6,0.19,CLEAR
WX-MINE-04-2026-03-11,2026-03-11,MINE-04,3.9,25.8,79.8,0.23,CLEAR
WX-MINE-01-2026-03-12,2026-03-12,MINE-01,2.1,32.3,39.1,0.21,CLEAR
WX-MINE-02-2026-03-12,2026-03-12,MINE-02,2.0,33.2,56.5,0.23,CLEAR
WX-MINE-03-2026-03-12,2026-03-12,MINE-03,0.8,22.1,66.5,0.22,CLEAR
WX-MINE-04-2026-03-12,2026-03-12,MINE-04,0.0,40.6,63.2,0.2,CLEAR
WX-MINE-01-2026-03-13,2026-03-13,MINE-01,2.9,27.2,81.9,0.2,CLEAR
WX-MINE-02-2026-03-13,2026-03-13,MINE-02,1.1,24.4,47.3,0.21,CLEAR
WX-MINE-03-2026-03-13,2026-03-13,MINE-03,1.2,34.8,86.8,0.19,CLEAR
WX-MINE-04-2026-03-13,2026-03-13,MINE-04,0.5,39.5,37.8,0.25,CLEAR
WX-MINE-01-2026-03-14,2026-03-14,MINE-01,4.0,26.2,41.4,0.25,CLEAR
WX-MINE-02-2026-03-14,2026-03-14,MINE-02,2.5,41.4,52.9,0.27,CLEAR
WX-MINE-03-2026-03-14,2026-03-14,MINE-03,3.5,27.3,42.3,0.27,CLEAR
WX-MINE-04-2026-03-14,2026-03-14,MINE-04,1.2,41.7,69.4,0.16,CLEAR
WX-MINE-01-2026-03-15,2026-03-15,MINE-01,1.4,36.6,50.4,0.19,CLEAR
WX-MINE-02-2026-03-15,2026-03-15,MINE-02,0.1,35.1,82.7,0.24,CLEAR
WX-MINE-03-2026-03-15,2026-03-15,MINE-03,2.3,36.5,72.8,0.26,CLEAR
WX-MINE-04-2026-03-15,2026-03-15,MINE-04,1.0,34.5,68.2,0.18,CLEAR
WX-MINE-01-2026-03-16,2026-03-16,MINE-01,1.8,28.5,46.2,0.23,CLEAR
WX-MINE-02-2026-03-16,2026-03-16,MINE-02,3.4,29.9,59.5,0.25,CLEAR
WX-MINE-03-2026-03-16,2026-03-16,MINE-03,1.7,25.0,61.3,0.21,CLEAR
WX-MINE-04-2026-03-16,2026-03-16,MINE-04,1.8,38.3,44.7,0.22,CLEAR
WX-MINE-01-2026-03-17,2026-03-17,MINE-01,3.8,25.6,50.5,0.21,CLEAR
WX-MINE-02-2026-03-17,2026-03-17,MINE-02,3.5,38.3,72.8,0.2,CLEAR
WX-MINE-03-2026-03-17,2026-03-17,MINE-03,0.6,30.5,60.0,0.22,CLEAR
WX-MINE-04-2026-03-17,2026-03-17,MINE-04,1.6,36.5,42.6,0.24,CLEAR
WX-MINE-01-2026-03-18,2026-03-18,MINE-01,0.0,24.0,56.1,0.16,CLEAR
WX-MINE-02-2026-03-18,2026-03-18,MINE-02,0.1,38.6,86.4,0.16,CLEAR
WX-MINE-03-2026-03-18,2026-03-18,MINE-03,3.1,27.4,86.6,0.24,CLEAR
WX-MINE-04-2026-03-18,2026-03-18,MINE-04,3.2,22.2,78.5,0.23,CLEAR
WX-MINE-01-2026-03-19,2026-03-19,MINE-01,3.3,39.1,39.7,0.19,CLEAR
WX-MINE-02-2026-03-19,2026-03-19,MINE-02,3.0,39.8,79.9,0.21,CLEAR
WX-MINE-03-2026-03-19,2026-03-19,MINE-03,1.9,26.9,64.9,0.19,CLEAR
WX-MINE-04-2026-03-19,2026-03-19,MINE-04,2.2,22.4,37.4,0.22,CLEAR
WX-MINE-01-2026-03-20,2026-03-20,MINE-01,0.4,39.7,57.8,0.15,CLEAR
WX-MINE-02-2026-03-20,2026-03-20,MINE-02,0.9,26.5,56.2,0.19,CLEAR
WX-MINE-03-2026-03-20,2026-03-20,MINE-03,1.1,40.4,72.6,0.23,CLEAR
WX-MINE-04-2026-03-20,2026-03-20,MINE-04,2.9,40.0,62.1,0.27,CLEAR
WX-MINE-01-2026-03-21,2026-03-21,MINE-01,0.9,41.1,50.5,0.17,CLEAR
WX-MINE-02-2026-03-21,2026-03-21,MINE-02,1.3,29.2,85.9,0.17,CLEAR
WX-MINE-03-2026-03-21,2026-03-21,MINE-03,0.2,25.0,58.6,0.19,CLEAR
WX-MINE-04-2026-03-21,2026-03-21,MINE-04,0.7,30.5,84.1,0.22,CLEAR
WX-MINE-01-2026-03-22,2026-03-22,MINE-01,2.5,27.7,83.1,0.2,CLEAR
WX-MINE-02-2026-03-22,2026-03-22,MINE-02,2.0,29.4,49.6,0.26,CLEAR
WX-MINE-03-2026-03-22,2026-03-22,MINE-03,3.2,37.8,82.4,0.27,CLEAR
WX-MINE-04-2026-03-22,2026-03-22,MINE-04,3.1,24.9,43.1,0.22,CLEAR
WX-MINE-01-2026-03-23,2026-03-23,MINE-01,3.2,41.5,79.8,0.19,CLEAR
WX-MINE-02-2026-03-23,2026-03-23,MINE-02,1.7,36.5,43.0,0.2,CLEAR
WX-MINE-03-2026-03-23,2026-03-23,MINE-03,0.5,37.4,54.4,0.2,CLEAR
WX-MINE-04-2026-03-23,2026-03-23,MINE-04,1.9,41.5,68.1,0.23,CLEAR
WX-MINE-01-2026-03-24,2026-03-24,MINE-01,0.6,40.9,85.7,0.19,CLEAR
WX-MINE-02-2026-03-24,2026-03-24,MINE-02,2.2,32.8,62.1,0.22,CLEAR
WX-MINE-03-2026-03-24,2026-03-24,MINE-03,0.9,23.7,74.3,0.21,CLEAR
WX-MINE-04-2026-03-24,2026-03-24,MINE-04,3.1,38.2,47.1,0.18,CLEAR
WX-MINE-01-2026-03-25,2026-03-25,MINE-01,1.4,26.1,81.8,0.2,CLEAR
WX-MINE-02-2026-03-25,2026-03-25,MINE-02,1.9,24.7,41.1,0.26,CLEAR
WX-MINE-03-2026-03-25,2026-03-25,MINE-03,1.4,39.0,77.8,0.18,CLEAR
WX-MINE-04-2026-03-25,2026-03-25,MINE-04,1.8,38.7,65.3,0.26,CLEAR
WX-MINE-01-2026-03-26,2026-03-26,MINE-01,1.7,26.2,47.4,0.24,CLEAR
WX-MINE-02-2026-03-26,2026-03-26,MINE-02,0.5,35.9,42.9,0.23,CLEAR
WX-MINE-03-2026-03-26,2026-03-26,MINE-03,2.8,30.5,38.0,0.18,CLEAR
WX-MINE-04-2026-03-26,2026-03-26,MINE-04,2.3,31.5,67.7,0.18,CLEAR
WX-MINE-01-2026-03-27,2026-03-27,MINE-01,0.6,24.8,48.5,0.16,CLEAR
WX-MINE-02-2026-03-27,2026-03-27,MINE-02,3.3,30.3,77.1,0.22,CLEAR
WX-MINE-03-2026-03-27,2026-03-27,MINE-03,0.6,32.5,87.2,0.2,CLEAR
WX-MINE-04-2026-03-27,2026-03-27,MINE-04,2.9,30.9,70.5,0.18,CLEAR
WX-MINE-01-2026-03-28,2026-03-28,MINE-01,0.4,23.2,70.3,0.21,CLEAR
WX-MINE-02-2026-03-28,2026-03-28,MINE-02,0.7,25.2,56.8,0.2,CLEAR
WX-MINE-03-2026-03-28,2026-03-28,MINE-03,3.8,31.1,74.1,0.21,CLEAR
WX-MINE-04-2026-03-28,2026-03-28,MINE-04,2.3,28.1,47.5,0.26,CLEAR
WX-MINE-01-2026-03-29,2026-03-29,MINE-01,1.1,23.8,55.8,0.25,CLEAR
WX-MINE-02-2026-03-29,2026-03-29,MINE-02,3.0,30.0,38.1,0.21,CLEAR
WX-MINE-03-2026-03-29,2026-03-29,MINE-03,3.3,41.5,68.3,0.19,CLEAR
WX-MINE-04-2026-03-29,2026-03-29,MINE-04,2.8,31.5,70.9,0.21,CLEAR
WX-MINE-01-2026-03-30,2026-03-30,MINE-01,1.5,23.1,55.4,0.2,CLEAR
WX-MINE-02-2026-03-30,2026-03-30,MINE-02,1.1,24.1,54.9,0.24,CLEAR
WX-MINE-03-2026-03-30,2026-03-30,MINE-03,1.3,26.8,44.0,0.17,CLEAR
WX-MINE-04-2026-03-30,2026-03-30,MINE-04,0.8,22.2,85.0,0.18,CLEAR
WX-MINE-01-2026-03-31,2026-03-31,MINE-01,0.8,40.6,48.2,0.17,CLEAR
WX-MINE-02-2026-03-31,2026-03-31,MINE-02,2.3,22.9,89.3,0.22,CLEAR
WX-MINE-03-2026-03-31,2026-03-31,MINE-03,0.2,23.9,52.0,0.25,CLEAR
WX-MINE-04-2026-03-31,2026-03-31,MINE-04,3.0,41.2,62.5,0.21,CLEAR
WX-MINE-01-2026-04-01,2026-04-01,MINE-01,1.6,29.1,42.1,0.23,CLEAR
WX-MINE-02-2026-04-01,2026-04-01,MINE-02,1.3,39.9,62.7,0.21,CLEAR
WX-MINE-03-2026-04-01,2026-04-01,MINE-03,3.1,22.5,78.8,0.22,CLEAR
WX-MINE-04-2026-04-01,2026-04-01,MINE-04,3.5,22.7,43.9,0.25,CLEAR
WX-MINE-01-2026-04-02,2026-04-02,MINE-01,0.3,34.5,87.4,0.18,CLEAR
WX-MINE-02-2026-04-02,2026-04-02,MINE-02,0.9,35.6,42.7,0.23,CLEAR
WX-MINE-03-2026-04-02,2026-04-02,MINE-03,4.0,32.0,89.6,0.24,CLEAR
WX-MINE-04-2026-04-02,2026-04-02,MINE-04,2.1,37.4,59.6,0.18,CLEAR
WX-MINE-01-2026-04-03,2026-04-03,MINE-01,1.2,34.5,86.7,0.16,CLEAR
WX-MINE-02-2026-04-03,2026-04-03,MINE-02,2.9,35.7,48.2,0.27,CLEAR
WX-MINE-03-2026-04-03,2026-04-03,MINE-03,2.4,41.2,66.2,0.27,CLEAR
WX-MINE-04-2026-04-03,2026-04-03,MINE-04,0.4,22.3,77.1,0.18,CLEAR
WX-MINE-01-2026-04-04,2026-04-04,MINE-01,3.5,37.9,84.2,0.23,CLEAR
WX-MINE-02-2026-04-04,2026-04-04,MINE-02,1.8,25.4,51.3,0.17,CLEAR
WX-MINE-03-2026-04-04,2026-04-04,MINE-03,2.3,29.1,38.9,0.24,CLEAR
WX-MINE-04-2026-04-04,2026-04-04,MINE-04,1.8,41.7,88.8,0.24,CLEAR
WX-MINE-01-2026-04-05,2026-04-05,MINE-01,1.8,40.5,86.7,0.26,CLEAR
WX-MINE-02-2026-04-05,2026-04-05,MINE-02,2.0,29.3,50.8,0.21,CLEAR
WX-MINE-03-2026-04-05,2026-04-05,MINE-03,2.5,35.6,59.2,0.22,CLEAR
WX-MINE-04-2026-04-05,2026-04-05,MINE-04,2.5,28.3,39.6,0.21,CLEAR
WX-MINE-01-2026-04-06,2026-04-06,MINE-01,1.8,39.5,89.5,0.17,CLEAR
WX-MINE-02-2026-04-06,2026-04-06,MINE-02,3.9,23.1,78.5,0.25,CLEAR
WX-MINE-03-2026-04-06,2026-04-06,MINE-03,2.2,25.1,40.8,0.21,CLEAR
WX-MINE-04-2026-04-06,2026-04-06,MINE-04,2.3,39.1,47.3,0.26,CLEAR
WX-MINE-01-2026-04-07,2026-04-07,MINE-01,2.7,29.0,60.8,0.23,CLEAR
WX-MINE-02-2026-04-07,2026-04-07,MINE-02,3.3,24.2,44.9,0.19,CLEAR
WX-MINE-03-2026-04-07,2026-04-07,MINE-03,3.8,29.9,58.8,0.22,CLEAR
WX-MINE-04-2026-04-07,2026-04-07,MINE-04,0.3,28.8,68.2,0.17,CLEAR
WX-MINE-01-2026-04-08,2026-04-08,MINE-01,3.0,24.3,60.0,0.23,CLEAR
WX-MINE-02-2026-04-08,2026-04-08,MINE-02,3.8,24.9,46.7,0.24,CLEAR
WX-MINE-03-2026-04-08,2026-04-08,MINE-03,4.0,37.5,38.4,0.26,CLEAR
WX-MINE-04-2026-04-08,2026-04-08,MINE-04,3.2,41.6,46.7,0.2,CLEAR
WX-MINE-01-2026-04-09,2026-04-09,MINE-01,0.1,37.2,58.3,0.18,CLEAR
WX-MINE-02-2026-04-09,2026-04-09,MINE-02,0.7,24.8,50.1,0.16,CLEAR
WX-MINE-03-2026-04-09,2026-04-09,MINE-03,3.5,31.0,58.1,0.2,CLEAR
WX-MINE-04-2026-04-09,2026-04-09,MINE-04,3.6,25.7,38.0,0.27,CLEAR
WX-MINE-01-2026-04-10,2026-04-10,MINE-01,1.7,41.3,51.3,0.18,CLEAR
WX-MINE-02-2026-04-10,2026-04-10,MINE-02,3.8,31.6,64.5,0.26,CLEAR
WX-MINE-03-2026-04-10,2026-04-10,MINE-03,3.9,30.7,85.2,0.24,CLEAR
WX-MINE-04-2026-04-10,2026-04-10,MINE-04,3.3,33.2,84.2,0.2,CLEAR
WX-MINE-01-2026-04-11,2026-04-11,MINE-01,2.9,33.6,43.0,0.24,CLEAR
WX-MINE-02-2026-04-11,2026-04-11,MINE-02,3.3,36.7,80.4,0.25,CLEAR
WX-MINE-03-2026-04-11,2026-04-11,MINE-03,0.1,39.9,86.4,0.2,CLEAR
WX-MINE-04-2026-04-11,2026-04-11,MINE-04,1.3,37.8,72.1,0.19,CLEAR
WX-MINE-01-2026-04-12,2026-04-12,MINE-01,2.9,41.8,86.9,0.26,CLEAR
WX-MINE-02-2026-04-12,2026-04-12,MINE-02,2.5,34.8,66.8,0.17,CLEAR
WX-MINE-03-2026-04-12,2026-04-12,MINE-03,3.0,25.8,73.3,0.25,CLEAR
WX-MINE-04-2026-04-12,2026-04-12,MINE-04,2.4,26.3,46.5,0.19,CLEAR
WX-MINE-01-2026-04-13,2026-04-13,MINE-01,2.7,41.1,55.4,0.21,CLEAR
WX-MINE-02-2026-04-13,2026-04-13,MINE-02,1.2,28.1,80.0,0.17,CLEAR
WX-MINE-03-2026-04-13,2026-04-13,MINE-03,2.0,42.0,57.8,0.2,CLEAR
WX-MINE-04-2026-04-13,2026-04-13,MINE-04,3.3,30.5,88.6,0.21,CLEAR
WX-MINE-01-2026-04-14,2026-04-14,MINE-01,3.7,31.2,55.5,0.24,CLEAR
WX-MINE-02-2026-04-14,2026-04-14,MINE-02,0.7,30.7,50.7,0.22,CLEAR
WX-MINE-03-2026-04-14,2026-04-14,MINE-03,2.7,34.7,73.6,0.27,CLEAR
WX-MINE-04-2026-04-14,2026-04-14,MINE-04,3.6,24.0,39.8,0.26,CLEAR
WX-MINE-01-2026-04-15,2026-04-15,MINE-01,0.4,22.3,86.3,0.16,CLEAR
WX-MINE-02-2026-04-15,2026-04-15,MINE-02,3.0,34.5,65.0,0.24,CLEAR
WX-MINE-03-2026-04-15,2026-04-15,MINE-03,2.0,38.1,71.7,0.25,CLEAR
WX-MINE-04-2026-04-15,2026-04-15,MINE-04,0.8,37.5,65.3,0.17,CLEAR
WX-MINE-01-2026-04-16,2026-04-16,MINE-01,3.4,41.0,54.3,0.26,CLEAR
WX-MINE-02-2026-04-16,2026-04-16,MINE-02,1.9,40.2,70.5,0.24,CLEAR
WX-MINE-03-2026-04-16,2026-04-16,MINE-03,1.6,40.8,78.0,0.21,CLEAR
WX-MINE-04-2026-04-16,2026-04-16,MINE-04,1.1,35.2,51.9,0.25,CLEAR
WX-MINE-01-2026-04-17,2026-04-17,MINE-01,3.6,35.5,35.2,0.27,CLEAR
WX-MINE-02-2026-04-17,2026-04-17,MINE-02,0.1,22.5,78.5,0.23,CLEAR
WX-MINE-03-2026-04-17,2026-04-17,MINE-03,2.1,36.8,52.5,0.18,CLEAR
WX-MINE-04-2026-04-17,2026-04-17,MINE-04,2.3,30.6,65.6,0.21,CLEAR
WX-MINE-01-2026-04-18,2026-04-18,MINE-01,2.5,29.9,37.8,0.26,CLEAR
WX-MINE-02-2026-04-18,2026-04-18,MINE-02,1.7,40.8,56.5,0.24,CLEAR
WX-MINE-03-2026-04-18,2026-04-18,MINE-03,1.6,28.4,43.7,0.19,CLEAR
WX-MINE-04-2026-04-18,2026-04-18,MINE-04,2.8,24.5,41.5,0.23,CLEAR
WX-MINE-01-2026-04-19,2026-04-19,MINE-01,1.6,37.2,85.4,0.25,CLEAR
WX-MINE-02-2026-04-19,2026-04-19,MINE-02,0.6,28.4,40.1,0.16,CLEAR
WX-MINE-03-2026-04-19,2026-04-19,MINE-03,0.0,37.4,43.4,0.21,CLEAR
WX-MINE-04-2026-04-19,2026-04-19,MINE-04,2.2,41.4,66.4,0.17,CLEAR
WX-MINE-01-2026-04-20,2026-04-20,MINE-01,2.9,41.7,69.9,0.25,CLEAR
WX-MINE-02-2026-04-20,2026-04-20,MINE-02,0.7,35.1,47.2,0.18,CLEAR
WX-MINE-03-2026-04-20,2026-04-20,MINE-03,3.4,36.5,79.4,0.22,CLEAR
WX-MINE-04-2026-04-20,2026-04-20,MINE-04,1.0,23.0,39.6,0.17,CLEAR
WX-MINE-01-2026-04-21,2026-04-21,MINE-01,0.1,41.7,82.7,0.16,CLEAR
WX-MINE-02-2026-04-21,2026-04-21,MINE-02,3.7,24.5,42.8,0.21,CLEAR
WX-MINE-03-2026-04-21,2026-04-21,MINE-03,0.7,23.5,81.5,0.25,CLEAR
WX-MINE-04-2026-04-21,2026-04-21,MINE-04,0.8,24.0,78.7,0.2,CLEAR
WX-MINE-01-2026-04-22,2026-04-22,MINE-01,1.9,34.5,46.6,0.21,CLEAR
WX-MINE-02-2026-04-22,2026-04-22,MINE-02,3.6,34.7,59.8,0.2,CLEAR
WX-MINE-03-2026-04-22,2026-04-22,MINE-03,1.2,40.1,71.3,0.22,CLEAR
WX-MINE-04-2026-04-22,2026-04-22,MINE-04,3.4,24.3,53.9,0.21,CLEAR
WX-MINE-01-2026-04-23,2026-04-23,MINE-01,4.0,34.0,35.3,0.24,CLEAR
WX-MINE-02-2026-04-23,2026-04-23,MINE-02,1.0,24.4,68.3,0.21,CLEAR
WX-MINE-03-2026-04-23,2026-04-23,MINE-03,2.1,37.2,46.9,0.2,CLEAR
WX-MINE-04-2026-04-23,2026-04-23,MINE-04,3.6,22.6,42.6,0.19,CLEAR
WX-MINE-01-2026-04-24,2026-04-24,MINE-01,2.8,24.5,50.1,0.19,CLEAR
WX-MINE-02-2026-04-24,2026-04-24,MINE-02,0.4,36.2,70.9,0.2,CLEAR
WX-MINE-03-2026-04-24,2026-04-24,MINE-03,3.2,30.7,87.0,0.27,CLEAR
WX-MINE-04-2026-04-24,2026-04-24,MINE-04,1.0,26.0,81.5,0.23,CLEAR
WX-MINE-01-2026-04-25,2026-04-25,MINE-01,3.8,24.1,78.6,0.24,CLEAR
WX-MINE-02-2026-04-25,2026-04-25,MINE-02,0.7,26.1,74.7,0.2,CLEAR
WX-MINE-03-2026-04-25,2026-04-25,MINE-03,1.8,33.9,49.9,0.2,CLEAR
WX-MINE-04-2026-04-25,2026-04-25,MINE-04,0.4,29.7,46.0,0.19,CLEAR
WX-MINE-01-2026-04-26,2026-04-26,MINE-01,3.6,38.4,59.7,0.27,CLEAR
WX-MINE-02-2026-04-26,2026-04-26,MINE-02,3.8,27.1,57.5,0.24,CLEAR
WX-MINE-03-2026-04-26,2026-04-26,MINE-03,3.5,41.0,64.2,0.22,CLEAR
WX-MINE-04-2026-04-26,2026-04-26,MINE-04,0.5,38.2,58.6,0.17,CLEAR
WX-MINE-01-2026-04-27,2026-04-27,MINE-01,1.0,26.3,55.4,0.17,CLEAR
WX-MINE-02-2026-04-27,2026-04-27,MINE-02,1.3,22.2,72.9,0.23,CLEAR
WX-MINE-03-2026-04-27,2026-04-27,MINE-03,0.9,33.3,52.7,0.18,CLEAR
WX-MINE-04-2026-04-27,2026-04-27,MINE-04,0.3,27.7,46.7,0.17,CLEAR
WX-MINE-01-2026-04-28,2026-04-28,MINE-01,2.2,36.3,87.0,0.25,CLEAR
WX-MINE-02-2026-04-28,2026-04-28,MINE-02,2.7,33.5,70.5,0.24,CLEAR
WX-MINE-03-2026-04-28,2026-04-28,MINE-03,1.7,38.3,45.9,0.17,CLEAR
WX-MINE-04-2026-04-28,2026-04-28,MINE-04,2.0,22.9,50.1,0.18,CLEAR
WX-MINE-01-2026-04-29,2026-04-29,MINE-01,1.8,34.0,67.5,0.19,CLEAR
WX-MINE-02-2026-04-29,2026-04-29,MINE-02,0.1,22.4,78.1,0.21,CLEAR
WX-MINE-03-2026-04-29,2026-04-29,MINE-03,0.0,31.2,42.2,0.25,CLEAR
WX-MINE-04-2026-04-29,2026-04-29,MINE-04,0.1,32.7,64.0,0.18,CLEAR
WX-MINE-01-2026-04-30,2026-04-30,MINE-01,0.1,31.4,80.6,0.19,CLEAR
WX-MINE-02-2026-04-30,2026-04-30,MINE-02,1.2,28.3,54.0,0.17,CLEAR
WX-MINE-03-2026-04-30,2026-04-30,MINE-03,3.1,31.9,37.6,0.21,CLEAR
WX-MINE-04-2026-04-30,2026-04-30,MINE-04,3.9,31.9,70.3,0.27,CLEAR
WX-MINE-01-2026-05-01,2026-05-01,MINE-01,3.4,40.8,40.7,0.2,CLEAR
WX-MINE-02-2026-05-01,2026-05-01,MINE-02,3.3,24.8,89.6,0.26,CLEAR
WX-MINE-03-2026-05-01,2026-05-01,MINE-03,2.9,26.5,39.8,0.25,CLEAR
WX-MINE-04-2026-05-01,2026-05-01,MINE-04,3.2,38.3,64.6,0.18,CLEAR
WX-MINE-01-2026-05-02,2026-05-02,MINE-01,2.8,23.0,83.6,0.18,CLEAR
WX-MINE-02-2026-05-02,2026-05-02,MINE-02,0.2,28.1,49.5,0.22,CLEAR
WX-MINE-03-2026-05-02,2026-05-02,MINE-03,3.2,29.6,73.4,0.27,CLEAR
WX-MINE-04-2026-05-02,2026-05-02,MINE-04,2.3,24.4,52.6,0.18,CLEAR
WX-MINE-01-2026-05-03,2026-05-03,MINE-01,2.3,39.0,84.3,0.23,CLEAR
WX-MINE-02-2026-05-03,2026-05-03,MINE-02,2.7,32.4,48.2,0.22,CLEAR
WX-MINE-03-2026-05-03,2026-05-03,MINE-03,2.0,27.6,77.5,0.21,CLEAR
WX-MINE-04-2026-05-03,2026-05-03,MINE-04,0.4,37.3,74.1,0.19,CLEAR
WX-MINE-01-2026-05-04,2026-05-04,MINE-01,3.3,26.8,70.6,0.26,CLEAR
WX-MINE-02-2026-05-04,2026-05-04,MINE-02,2.8,23.5,62.2,0.19,CLEAR
WX-MINE-03-2026-05-04,2026-05-04,MINE-03,2.7,31.4,56.2,0.22,CLEAR
WX-MINE-04-2026-05-04,2026-05-04,MINE-04,1.4,38.3,76.9,0.21,CLEAR
WX-MINE-01-2026-05-05,2026-05-05,MINE-01,1.3,40.9,74.0,0.23,CLEAR
WX-MINE-02-2026-05-05,2026-05-05,MINE-02,3.4,24.1,42.2,0.27,CLEAR
WX-MINE-03-2026-05-05,2026-05-05,MINE-03,1.5,31.0,69.1,0.18,CLEAR
WX-MINE-04-2026-05-05,2026-05-05,MINE-04,1.6,23.4,58.3,0.23,CLEAR
WX-MINE-01-2026-05-06,2026-05-06,MINE-01,3.8,33.5,40.6,0.23,CLEAR
WX-MINE-02-2026-05-06,2026-05-06,MINE-02,0.4,24.2,35.9,0.2,CLEAR
WX-MINE-03-2026-05-06,2026-05-06,MINE-03,1.1,31.5,64.2,0.19,CLEAR
WX-MINE-04-2026-05-06,2026-05-06,MINE-04,0.5,33.0,54.5,0.18,CLEAR
WX-MINE-01-2026-05-07,2026-05-07,MINE-01,1.6,30.6,53.4,0.21,CLEAR
WX-MINE-02-2026-05-07,2026-05-07,MINE-02,1.5,23.0,56.0,0.26,CLEAR
WX-MINE-03-2026-05-07,2026-05-07,MINE-03,0.8,25.8,44.7,0.18,CLEAR
WX-MINE-04-2026-05-07,2026-05-07,MINE-04,2.4,32.4,41.0,0.17,CLEAR
WX-MINE-01-2026-05-08,2026-05-08,MINE-01,1.0,24.2,41.3,0.25,CLEAR
WX-MINE-02-2026-05-08,2026-05-08,MINE-02,2.3,26.8,64.3,0.2,CLEAR
WX-MINE-03-2026-05-08,2026-05-08,MINE-03,3.5,36.0,57.3,0.22,CLEAR
WX-MINE-04-2026-05-08,2026-05-08,MINE-04,0.9,38.5,73.0,0.21,CLEAR
WX-MINE-01-2026-05-09,2026-05-09,MINE-01,0.7,26.1,70.0,0.23,CLEAR
WX-MINE-02-2026-05-09,2026-05-09,MINE-02,1.2,22.1,45.2,0.25,CLEAR
WX-MINE-03-2026-05-09,2026-05-09,MINE-03,2.5,36.8,81.9,0.24,CLEAR
WX-MINE-04-2026-05-09,2026-05-09,MINE-04,0.7,35.6,44.2,0.19,CLEAR
WX-MINE-01-2026-05-10,2026-05-10,MINE-01,1.8,41.2,71.6,0.21,CLEAR
WX-MINE-02-2026-05-10,2026-05-10,MINE-02,0.1,41.5,83.5,0.17,CLEAR
WX-MINE-03-2026-05-10,2026-05-10,MINE-03,3.0,22.2,54.4,0.22,CLEAR
WX-MINE-04-2026-05-10,2026-05-10,MINE-04,0.0,39.5,61.0,0.15,CLEAR
WX-MINE-01-2026-05-11,2026-05-11,MINE-01,0.1,35.6,51.0,0.17,CLEAR
WX-MINE-02-2026-05-11,2026-05-11,MINE-02,2.0,37.1,77.6,0.18,CLEAR
WX-MINE-03-2026-05-11,2026-05-11,MINE-03,3.2,28.7,62.0,0.21,CLEAR
WX-MINE-04-2026-05-11,2026-05-11,MINE-04,2.2,35.3,48.9,0.21,CLEAR
WX-MINE-01-2026-05-12,2026-05-12,MINE-01,3.3,28.0,53.4,0.23,CLEAR
WX-MINE-02-2026-05-12,2026-05-12,MINE-02,2.7,39.3,81.4,0.22,CLEAR
WX-MINE-03-2026-05-12,2026-05-12,MINE-03,1.1,32.4,70.2,0.17,CLEAR
WX-MINE-04-2026-05-12,2026-05-12,MINE-04,1.6,26.4,89.7,0.2,CLEAR
WX-MINE-01-2026-05-13,2026-05-13,MINE-01,0.1,33.6,73.3,0.19,CLEAR
WX-MINE-02-2026-05-13,2026-05-13,MINE-02,0.8,23.8,85.6,0.19,CLEAR
WX-MINE-03-2026-05-13,2026-05-13,MINE-03,0.4,27.5,69.5,0.21,CLEAR
WX-MINE-04-2026-05-13,2026-05-13,MINE-04,3.6,41.7,83.2,0.2,CLEAR
WX-MINE-01-2026-05-14,2026-05-14,MINE-01,3.6,29.0,53.2,0.24,CLEAR
WX-MINE-02-2026-05-14,2026-05-14,MINE-02,3.8,27.5,45.5,0.24,CLEAR
WX-MINE-03-2026-05-14,2026-05-14,MINE-03,2.8,38.7,41.8,0.25,CLEAR
WX-MINE-04-2026-05-14,2026-05-14,MINE-04,2.3,37.9,54.1,0.18,CLEAR
WX-MINE-01-2026-05-15,2026-05-15,MINE-01,0.0,40.5,43.1,0.22,CLEAR
WX-MINE-02-2026-05-15,2026-05-15,MINE-02,2.1,27.8,65.7,0.18,CLEAR
WX-MINE-03-2026-05-15,2026-05-15,MINE-03,1.9,23.3,51.2,0.21,CLEAR
WX-MINE-04-2026-05-15,2026-05-15,MINE-04,0.9,38.5,41.8,0.21,CLEAR
WX-MINE-01-2026-05-16,2026-05-16,MINE-01,0.0,29.0,80.9,0.15,CLEAR
WX-MINE-02-2026-05-16,2026-05-16,MINE-02,0.6,39.6,78.2,0.21,CLEAR
WX-MINE-03-2026-05-16,2026-05-16,MINE-03,3.8,33.2,87.5,0.25,CLEAR
WX-MINE-04-2026-05-16,2026-05-16,MINE-04,0.6,36.7,58.8,0.25,CLEAR
WX-MINE-01-2026-05-17,2026-05-17,MINE-01,1.2,22.6,86.3,0.18,CLEAR
WX-MINE-02-2026-05-17,2026-05-17,MINE-02,2.7,29.7,57.0,0.26,CLEAR
WX-MINE-03-2026-05-17,2026-05-17,MINE-03,3.6,40.4,67.8,0.2,CLEAR
WX-MINE-04-2026-05-17,2026-05-17,MINE-04,1.7,39.5,79.2,0.18,CLEAR
WX-MINE-01-2026-05-18,2026-05-18,MINE-01,3.1,27.0,57.9,0.2,CLEAR
WX-MINE-02-2026-05-18,2026-05-18,MINE-02,1.2,27.9,86.0,0.21,CLEAR
WX-MINE-03-2026-05-18,2026-05-18,MINE-03,0.7,37.6,80.9,0.17,CLEAR
WX-MINE-04-2026-05-18,2026-05-18,MINE-04,2.1,35.9,62.7,0.24,CLEAR
WX-MINE-01-2026-05-19,2026-05-19,MINE-01,1.4,29.1,60.7,0.26,CLEAR
WX-MINE-02-2026-05-19,2026-05-19,MINE-02,1.8,40.3,36.5,0.24,CLEAR
WX-MINE-03-2026-05-19,2026-05-19,MINE-03,0.4,24.8,84.9,0.23,CLEAR
WX-MINE-04-2026-05-19,2026-05-19,MINE-04,2.3,29.5,69.1,0.26,CLEAR
WX-MINE-01-2026-05-20,2026-05-20,MINE-01,3.5,23.1,81.5,0.19,CLEAR
WX-MINE-02-2026-05-20,2026-05-20,MINE-02,2.7,31.3,77.0,0.22,CLEAR
WX-MINE-03-2026-05-20,2026-05-20,MINE-03,3.4,23.7,49.9,0.28,CLEAR
WX-MINE-04-2026-05-20,2026-05-20,MINE-04,0.4,33.9,80.2,0.21,CLEAR
WX-MINE-01-2026-05-21,2026-05-21,MINE-01,2.8,39.3,41.7,0.23,CLEAR
WX-MINE-02-2026-05-21,2026-05-21,MINE-02,2.0,36.3,73.6,0.22,CLEAR
WX-MINE-03-2026-05-21,2026-05-21,MINE-03,2.2,41.3,42.5,0.26,CLEAR
WX-MINE-04-2026-05-21,2026-05-21,MINE-04,2.6,25.1,69.6,0.24,CLEAR
WX-MINE-01-2026-05-22,2026-05-22,MINE-01,3.7,38.1,69.3,0.2,CLEAR
WX-MINE-02-2026-05-22,2026-05-22,MINE-02,0.3,25.1,83.4,0.2,CLEAR
WX-MINE-03-2026-05-22,2026-05-22,MINE-03,1.0,24.1,36.4,0.21,CLEAR
WX-MINE-04-2026-05-22,2026-05-22,MINE-04,1.6,40.5,51.5,0.21,CLEAR
WX-MINE-01-2026-05-23,2026-05-23,MINE-01,0.7,26.7,81.6,0.18,CLEAR
WX-MINE-02-2026-05-23,2026-05-23,MINE-02,2.5,30.8,71.2,0.18,CLEAR
WX-MINE-03-2026-05-23,2026-05-23,MINE-03,0.6,22.4,42.8,0.23,CLEAR
WX-MINE-04-2026-05-23,2026-05-23,MINE-04,1.0,32.2,73.5,0.18,CLEAR
WX-MINE-01-2026-05-24,2026-05-24,MINE-01,1.9,27.8,40.5,0.22,CLEAR
WX-MINE-02-2026-05-24,2026-05-24,MINE-02,1.5,27.5,56.2,0.24,CLEAR
WX-MINE-03-2026-05-24,2026-05-24,MINE-03,1.9,38.3,43.1,0.19,CLEAR
WX-MINE-04-2026-05-24,2026-05-24,MINE-04,0.5,29.8,66.9,0.16,CLEAR
WX-MINE-01-2026-05-25,2026-05-25,MINE-01,2.6,35.1,59.4,0.26,CLEAR
WX-MINE-02-2026-05-25,2026-05-25,MINE-02,1.4,24.8,83.5,0.21,CLEAR
WX-MINE-03-2026-05-25,2026-05-25,MINE-03,0.0,25.2,62.5,0.24,CLEAR
WX-MINE-04-2026-05-25,2026-05-25,MINE-04,0.8,40.1,63.9,0.21,CLEAR
WX-MINE-01-2026-05-26,2026-05-26,MINE-01,0.7,25.0,71.1,0.21,CLEAR
WX-MINE-02-2026-05-26,2026-05-26,MINE-02,1.8,39.2,42.7,0.24,CLEAR
WX-MINE-03-2026-05-26,2026-05-26,MINE-03,2.6,40.5,38.8,0.26,CLEAR
WX-MINE-04-2026-05-26,2026-05-26,MINE-04,1.9,41.3,68.3,0.18,CLEAR
WX-MINE-01-2026-05-27,2026-05-27,MINE-01,2.8,32.1,71.2,0.2,CLEAR
WX-MINE-02-2026-05-27,2026-05-27,MINE-02,2.8,33.8,66.9,0.23,CLEAR
WX-MINE-03-2026-05-27,2026-05-27,MINE-03,3.3,23.4,36.6,0.25,CLEAR
WX-MINE-04-2026-05-27,2026-05-27,MINE-04,0.9,35.3,62.5,0.23,CLEAR
WX-MINE-01-2026-05-28,2026-05-28,MINE-01,1.3,26.6,77.4,0.25,CLEAR
WX-MINE-02-2026-05-28,2026-05-28,MINE-02,3.2,24.1,83.4,0.25,CLEAR
WX-MINE-03-2026-05-28,2026-05-28,MINE-03,1.5,41.5,85.7,0.17,CLEAR
WX-MINE-04-2026-05-28,2026-05-28,MINE-04,1.0,22.7,76.2,0.2,CLEAR
WX-MINE-01-2026-05-29,2026-05-29,MINE-01,1.5,34.6,36.6,0.18,CLEAR
WX-MINE-02-2026-05-29,2026-05-29,MINE-02,0.4,31.0,42.3,0.22,CLEAR
WX-MINE-03-2026-05-29,2026-05-29,MINE-03,2.2,25.9,62.0,0.24,CLEAR
WX-MINE-04-2026-05-29,2026-05-29,MINE-04,0.9,36.8,58.9,0.21,CLEAR
WX-MINE-01-2026-05-30,2026-05-30,MINE-01,3.2,23.7,36.3,0.27,CLEAR
WX-MINE-02-2026-05-30,2026-05-30,MINE-02,0.4,22.7,42.7,0.15,CLEAR
WX-MINE-03-2026-05-30,2026-05-30,MINE-03,3.1,33.4,82.5,0.21,CLEAR
WX-MINE-04-2026-05-30,2026-05-30,MINE-04,2.7,41.2,75.1,0.23,CLEAR
WX-MINE-01-2026-05-31,2026-05-31,MINE-01,0.8,26.1,80.5,0.21,CLEAR
WX-MINE-02-2026-05-31,2026-05-31,MINE-02,1.4,40.0,81.9,0.24,CLEAR
WX-MINE-03-2026-05-31,2026-05-31,MINE-03,1.8,34.5,83.1,0.22,CLEAR
WX-MINE-04-2026-05-31,2026-05-31,MINE-04,0.5,32.3,40.6,0.2,CLEAR
WX-MINE-01-2026-06-01,2026-06-01,MINE-01,58.2,22.5,80.2,0.66,HEAVY RAIN
WX-MINE-02-2026-06-01,2026-06-01,MINE-02,1.6,29.2,83.0,0.18,CLEAR
WX-MINE-03-2026-06-01,2026-06-01,MINE-03,57.8,26.8,63.5,0.69,HEAVY RAIN
WX-MINE-04-2026-06-01,2026-06-01,MINE-04,64.5,32.9,84.0,0.75,HEAVY RAIN
WX-MINE-01-2026-06-02,2026-06-02,MINE-01,3.9,35.1,36.8,0.22,CLEAR
WX-MINE-02-2026-06-02,2026-06-02,MINE-02,86.0,23.2,46.2,0.95,HEAVY RAIN
WX-MINE-03-2026-06-02,2026-06-02,MINE-03,75.6,40.2,38.4,0.83,HEAVY RAIN
WX-MINE-04-2026-06-02,2026-06-02,MINE-04,2.3,34.2,80.9,0.25,CLEAR
WX-MINE-01-2026-06-03,2026-06-03,MINE-01,20.7,30.3,75.7,0.42,LIGHT RAIN
WX-MINE-02-2026-06-03,2026-06-03,MINE-02,1.9,24.6,74.8,0.18,CLEAR
WX-MINE-03-2026-06-03,2026-06-03,MINE-03,33.0,29.0,61.3,0.5,LIGHT RAIN
WX-MINE-04-2026-06-03,2026-06-03,MINE-04,0.9,40.6,36.4,0.24,CLEAR
WX-MINE-01-2026-06-04,2026-06-04,MINE-01,63.7,29.6,72.6,0.68,HEAVY RAIN
WX-MINE-02-2026-06-04,2026-06-04,MINE-02,46.0,29.5,41.9,0.6,HEAVY RAIN
WX-MINE-03-2026-06-04,2026-06-04,MINE-03,24.2,24.4,68.9,0.44,LIGHT RAIN
WX-MINE-04-2026-06-04,2026-06-04,MINE-04,42.5,40.4,48.1,0.51,HEAVY RAIN
WX-MINE-01-2026-06-05,2026-06-05,MINE-01,48.0,37.1,79.4,0.6,HEAVY RAIN
WX-MINE-02-2026-06-05,2026-06-05,MINE-02,79.1,39.5,48.7,0.81,HEAVY RAIN
WX-MINE-03-2026-06-05,2026-06-05,MINE-03,50.1,27.7,52.3,0.63,HEAVY RAIN
WX-MINE-04-2026-06-05,2026-06-05,MINE-04,4.0,24.6,56.9,0.25,CLEAR
WX-MINE-01-2026-06-06,2026-06-06,MINE-01,0.3,40.8,46.3,0.22,CLEAR
WX-MINE-02-2026-06-06,2026-06-06,MINE-02,3.6,39.2,59.4,0.21,CLEAR
WX-MINE-03-2026-06-06,2026-06-06,MINE-03,59.1,39.4,48.4,0.73,HEAVY RAIN
WX-MINE-04-2026-06-06,2026-06-06,MINE-04,58.3,24.1,54.1,0.68,HEAVY RAIN
WX-MINE-01-2026-06-07,2026-06-07,MINE-01,1.9,23.6,85.2,0.25,CLEAR
WX-MINE-02-2026-06-07,2026-06-07,MINE-02,39.4,33.1,41.8,0.55,LIGHT RAIN
WX-MINE-03-2026-06-07,2026-06-07,MINE-03,0.1,26.7,59.2,0.23,CLEAR
WX-MINE-04-2026-06-07,2026-06-07,MINE-04,0.1,38.7,49.9,0.21,CLEAR
WX-MINE-01-2026-06-08,2026-06-08,MINE-01,92.2,23.2,82.0,0.95,HEAVY RAIN
WX-MINE-02-2026-06-08,2026-06-08,MINE-02,45.6,30.9,47.3,0.57,HEAVY RAIN
WX-MINE-03-2026-06-08,2026-06-08,MINE-03,2.1,35.2,36.7,0.24,CLEAR
WX-MINE-04-2026-06-08,2026-06-08,MINE-04,3.6,37.1,53.5,0.26,CLEAR
WX-MINE-01-2026-06-09,2026-06-09,MINE-01,75.3,26.3,36.5,0.85,HEAVY RAIN
WX-MINE-02-2026-06-09,2026-06-09,MINE-02,84.3,37.7,86.1,0.93,HEAVY RAIN
WX-MINE-03-2026-06-09,2026-06-09,MINE-03,2.2,41.0,86.3,0.2,CLEAR
WX-MINE-04-2026-06-09,2026-06-09,MINE-04,2.1,30.5,74.6,0.24,CLEAR
WX-MINE-01-2026-06-10,2026-06-10,MINE-01,91.8,31.3,89.6,0.94,HEAVY RAIN
WX-MINE-02-2026-06-10,2026-06-10,MINE-02,1.1,35.7,50.1,0.26,CLEAR
WX-MINE-03-2026-06-10,2026-06-10,MINE-03,1.2,33.4,37.1,0.19,CLEAR
WX-MINE-04-2026-06-10,2026-06-10,MINE-04,35.0,35.1,77.4,0.44,LIGHT RAIN
WX-MINE-01-2026-06-11,2026-06-11,MINE-01,67.9,38.7,81.6,0.76,HEAVY RAIN
WX-MINE-02-2026-06-11,2026-06-11,MINE-02,15.7,22.7,54.7,0.34,LIGHT RAIN
WX-MINE-03-2026-06-11,2026-06-11,MINE-03,47.7,33.6,39.4,0.64,HEAVY RAIN
WX-MINE-04-2026-06-11,2026-06-11,MINE-04,91.3,30.8,49.2,0.95,HEAVY RAIN
WX-MINE-01-2026-06-12,2026-06-12,MINE-01,54.6,26.5,44.6,0.69,HEAVY RAIN
WX-MINE-02-2026-06-12,2026-06-12,MINE-02,0.9,35.1,45.1,0.21,CLEAR
WX-MINE-03-2026-06-12,2026-06-12,MINE-03,40.4,33.1,47.5,0.58,HEAVY RAIN
WX-MINE-04-2026-06-12,2026-06-12,MINE-04,3.9,22.3,81.5,0.27,CLEAR
WX-MINE-01-2026-06-13,2026-06-13,MINE-01,18.6,26.7,41.0,0.36,LIGHT RAIN
WX-MINE-02-2026-06-13,2026-06-13,MINE-02,21.2,26.1,66.4,0.41,LIGHT RAIN
WX-MINE-03-2026-06-13,2026-06-13,MINE-03,0.3,30.5,50.6,0.15,CLEAR
WX-MINE-04-2026-06-13,2026-06-13,MINE-04,43.8,41.5,84.4,0.55,HEAVY RAIN
WX-MINE-01-2026-06-14,2026-06-14,MINE-01,1.2,22.6,55.3,0.19,CLEAR
WX-MINE-02-2026-06-14,2026-06-14,MINE-02,62.3,24.1,46.6,0.7,HEAVY RAIN
WX-MINE-03-2026-06-14,2026-06-14,MINE-03,3.0,37.7,74.2,0.27,CLEAR
WX-MINE-04-2026-06-14,2026-06-14,MINE-04,61.6,35.1,43.3,0.74,HEAVY RAIN
WX-MINE-01-2026-06-15,2026-06-15,MINE-01,91.4,41.2,89.6,0.95,HEAVY RAIN
WX-MINE-02-2026-06-15,2026-06-15,MINE-02,2.5,36.7,64.6,0.18,CLEAR
WX-MINE-03-2026-06-15,2026-06-15,MINE-03,3.2,34.1,71.3,0.23,CLEAR
WX-MINE-04-2026-06-15,2026-06-15,MINE-04,30.6,33.5,85.1,0.44,LIGHT RAIN
WX-MINE-01-2026-06-16,2026-06-16,MINE-01,3.9,26.6,52.3,0.28,CLEAR
WX-MINE-02-2026-06-16,2026-06-16,MINE-02,1.8,41.2,57.5,0.17,CLEAR
WX-MINE-03-2026-06-16,2026-06-16,MINE-03,21.1,29.2,61.6,0.35,LIGHT RAIN
WX-MINE-04-2026-06-16,2026-06-16,MINE-04,0.9,38.6,89.3,0.25,CLEAR
WX-MINE-01-2026-06-17,2026-06-17,MINE-01,87.7,35.5,71.6,0.94,HEAVY RAIN
WX-MINE-02-2026-06-17,2026-06-17,MINE-02,1.4,24.4,57.5,0.21,CLEAR
WX-MINE-03-2026-06-17,2026-06-17,MINE-03,54.5,39.6,45.9,0.62,HEAVY RAIN
WX-MINE-04-2026-06-17,2026-06-17,MINE-04,28.3,30.4,77.1,0.46,LIGHT RAIN
WX-MINE-01-2026-06-18,2026-06-18,MINE-01,23.1,39.4,80.9,0.34,LIGHT RAIN
WX-MINE-02-2026-06-18,2026-06-18,MINE-02,20.8,32.3,64.1,0.36,LIGHT RAIN
WX-MINE-03-2026-06-18,2026-06-18,MINE-03,25.2,35.9,48.3,0.39,LIGHT RAIN
WX-MINE-04-2026-06-18,2026-06-18,MINE-04,81.0,28.7,68.5,0.84,HEAVY RAIN
WX-MINE-01-2026-06-19,2026-06-19,MINE-01,0.3,40.4,87.2,0.24,CLEAR
WX-MINE-02-2026-06-19,2026-06-19,MINE-02,74.3,30.7,76.7,0.84,HEAVY RAIN
WX-MINE-03-2026-06-19,2026-06-19,MINE-03,2.9,33.8,80.1,0.23,CLEAR
WX-MINE-04-2026-06-19,2026-06-19,MINE-04,15.6,33.9,72.1,0.33,LIGHT RAIN
WX-MINE-01-2026-06-20,2026-06-20,MINE-01,29.1,36.5,50.4,0.47,LIGHT RAIN
WX-MINE-02-2026-06-20,2026-06-20,MINE-02,54.5,23.0,63.5,0.66,HEAVY RAIN
WX-MINE-03-2026-06-20,2026-06-20,MINE-03,89.2,27.7,56.1,0.95,HEAVY RAIN
WX-MINE-04-2026-06-20,2026-06-20,MINE-04,0.2,40.9,83.5,0.22,CLEAR
WX-MINE-01-2026-06-21,2026-06-21,MINE-01,37.3,39.6,52.3,0.5,LIGHT RAIN
WX-MINE-02-2026-06-21,2026-06-21,MINE-02,38.0,31.7,47.3,0.48,LIGHT RAIN
WX-MINE-03-2026-06-21,2026-06-21,MINE-03,1.0,34.1,40.8,0.18,CLEAR
WX-MINE-04-2026-06-21,2026-06-21,MINE-04,22.7,33.0,63.0,0.36,LIGHT RAIN
WX-MINE-01-2026-06-22,2026-06-22,MINE-01,18.2,39.8,64.6,0.32,LIGHT RAIN
WX-MINE-02-2026-06-22,2026-06-22,MINE-02,80.8,29.4,50.5,0.92,HEAVY RAIN
WX-MINE-03-2026-06-22,2026-06-22,MINE-03,50.6,24.5,60.0,0.66,HEAVY RAIN
WX-MINE-04-2026-06-22,2026-06-22,MINE-04,3.7,24.4,83.9,0.23,CLEAR
WX-MINE-01-2026-06-23,2026-06-23,MINE-01,25.9,27.6,71.8,0.46,LIGHT RAIN
WX-MINE-02-2026-06-23,2026-06-23,MINE-02,3.0,26.4,39.1,0.19,CLEAR
WX-MINE-03-2026-06-23,2026-06-23,MINE-03,51.3,36.7,72.0,0.58,HEAVY RAIN
WX-MINE-04-2026-06-23,2026-06-23,MINE-04,3.6,22.8,40.5,0.25,CLEAR
WX-MINE-01-2026-06-24,2026-06-24,MINE-01,30.2,33.2,81.1,0.46,LIGHT RAIN
WX-MINE-02-2026-06-24,2026-06-24,MINE-02,2.5,26.9,67.2,0.26,CLEAR
WX-MINE-03-2026-06-24,2026-06-24,MINE-03,30.7,31.4,61.6,0.42,LIGHT RAIN
WX-MINE-04-2026-06-24,2026-06-24,MINE-04,25.5,34.7,39.9,0.41,LIGHT RAIN
WX-MINE-01-2026-06-25,2026-06-25,MINE-01,0.9,30.7,62.0,0.22,CLEAR
WX-MINE-02-2026-06-25,2026-06-25,MINE-02,0.2,35.8,68.7,0.21,CLEAR
WX-MINE-03-2026-06-25,2026-06-25,MINE-03,42.9,32.6,87.5,0.6,HEAVY RAIN
WX-MINE-04-2026-06-25,2026-06-25,MINE-04,3.5,35.4,62.0,0.24,CLEAR
WX-MINE-01-2026-06-26,2026-06-26,MINE-01,58.5,27.9,47.0,0.73,HEAVY RAIN
WX-MINE-02-2026-06-26,2026-06-26,MINE-02,3.1,30.4,59.6,0.2,CLEAR
WX-MINE-03-2026-06-26,2026-06-26,MINE-03,29.1,41.1,71.3,0.43,LIGHT RAIN
WX-MINE-04-2026-06-26,2026-06-26,MINE-04,25.2,39.6,81.2,0.45,LIGHT RAIN
WX-MINE-01-2026-06-27,2026-06-27,MINE-01,70.0,22.6,49.7,0.75,HEAVY RAIN
WX-MINE-02-2026-06-27,2026-06-27,MINE-02,1.6,33.2,52.8,0.23,CLEAR
WX-MINE-03-2026-06-27,2026-06-27,MINE-03,79.7,30.5,49.3,0.82,HEAVY RAIN
WX-MINE-04-2026-06-27,2026-06-27,MINE-04,32.5,34.7,37.5,0.47,LIGHT RAIN
WX-MINE-01-2026-06-28,2026-06-28,MINE-01,85.0,32.7,77.9,0.87,HEAVY RAIN
WX-MINE-02-2026-06-28,2026-06-28,MINE-02,2.4,24.6,64.7,0.27,CLEAR
WX-MINE-03-2026-06-28,2026-06-28,MINE-03,45.3,37.6,53.3,0.56,HEAVY RAIN
WX-MINE-04-2026-06-28,2026-06-28,MINE-04,0.3,23.0,46.6,0.21,CLEAR
WX-MINE-01-2026-06-29,2026-06-29,MINE-01,3.4,29.9,74.5,0.21,CLEAR
WX-MINE-02-2026-06-29,2026-06-29,MINE-02,44.9,30.3,65.4,0.55,HEAVY RAIN
WX-MINE-03-2026-06-29,2026-06-29,MINE-03,82.6,37.1,64.0,0.89,HEAVY RAIN
WX-MINE-04-2026-06-29,2026-06-29,MINE-04,0.2,27.7,36.3,0.21,CLEAR
WX-MINE-01-2026-06-30,2026-06-30,MINE-01,0.1,37.0,79.7,0.19,CLEAR
WX-MINE-02-2026-06-30,2026-06-30,MINE-02,80.5,39.5,82.4,0.83,HEAVY RAIN
WX-MINE-03-2026-06-30,2026-06-30,MINE-03,71.3,36.7,36.1,0.82,HEAVY RAIN
WX-MINE-04-2026-06-30,2026-06-30,MINE-04,88.5,23.9,67.4,0.93,HEAVY RAIN
WX-MINE-01-2026-07-01,2026-07-01,MINE-01,3.4,37.7,58.4,0.25,CLEAR
WX-MINE-02-2026-07-01,2026-07-01,MINE-02,51.7,24.0,88.3,0.64,HEAVY RAIN
WX-MINE-03-2026-07-01,2026-07-01,MINE-03,49.4,26.4,57.3,0.59,HEAVY RAIN
WX-MINE-04-2026-07-01,2026-07-01,MINE-04,71.2,32.1,56.0,0.84,HEAVY RAIN
WX-MINE-01-2026-07-02,2026-07-02,MINE-01,3.8,37.3,74.3,0.23,CLEAR
WX-MINE-02-2026-07-02,2026-07-02,MINE-02,17.0,37.4,59.6,0.34,LIGHT RAIN
WX-MINE-03-2026-07-02,2026-07-02,MINE-03,39.8,24.9,69.6,0.49,LIGHT RAIN
WX-MINE-04-2026-07-02,2026-07-02,MINE-04,31.6,40.8,67.6,0.42,LIGHT RAIN
WX-MINE-01-2026-07-03,2026-07-03,MINE-01,82.0,32.5,81.2,0.91,HEAVY RAIN
WX-MINE-02-2026-07-03,2026-07-03,MINE-02,54.5,30.2,75.7,0.69,HEAVY RAIN
WX-MINE-03-2026-07-03,2026-07-03,MINE-03,70.1,34.0,82.9,0.76,HEAVY RAIN
WX-MINE-04-2026-07-03,2026-07-03,MINE-04,60.0,31.8,62.5,0.75,HEAVY RAIN
WX-MINE-01-2026-07-04,2026-07-04,MINE-01,51.9,31.7,65.5,0.66,HEAVY RAIN
WX-MINE-02-2026-07-04,2026-07-04,MINE-02,3.7,30.5,39.3,0.19,CLEAR
WX-MINE-03-2026-07-04,2026-07-04,MINE-03,56.6,24.4,45.9,0.71,HEAVY RAIN
WX-MINE-04-2026-07-04,2026-07-04,MINE-04,85.8,31.9,69.4,0.92,HEAVY RAIN
WX-MINE-01-2026-07-05,2026-07-05,MINE-01,84.9,30.4,35.5,0.87,HEAVY RAIN
WX-MINE-02-2026-07-05,2026-07-05,MINE-02,2.9,39.6,49.9,0.21,CLEAR
WX-MINE-03-2026-07-05,2026-07-05,MINE-03,2.3,25.3,51.0,0.24,CLEAR
WX-MINE-04-2026-07-05,2026-07-05,MINE-04,3.8,29.4,68.2,0.23,CLEAR
WX-MINE-01-2026-07-06,2026-07-06,MINE-01,41.4,36.9,89.8,0.59,HEAVY RAIN
WX-MINE-02-2026-07-06,2026-07-06,MINE-02,72.2,31.5,52.5,0.77,HEAVY RAIN
WX-MINE-03-2026-07-06,2026-07-06,MINE-03,94.5,22.1,73.6,0.95,HEAVY RAIN
WX-MINE-04-2026-07-06,2026-07-06,MINE-04,51.7,23.9,69.4,0.64,HEAVY RAIN
WX-MINE-01-2026-07-07,2026-07-07,MINE-01,65.9,39.7,54.0,0.7,HEAVY RAIN
WX-MINE-02-2026-07-07,2026-07-07,MINE-02,37.7,40.2,58.4,0.54,LIGHT RAIN
WX-MINE-03-2026-07-07,2026-07-07,MINE-03,76.4,40.7,65.9,0.85,HEAVY RAIN
WX-MINE-04-2026-07-07,2026-07-07,MINE-04,62.4,24.1,46.9,0.69,HEAVY RAIN
WX-MINE-01-2026-07-08,2026-07-08,MINE-01,25.1,32.4,70.5,0.4,LIGHT RAIN
WX-MINE-02-2026-07-08,2026-07-08,MINE-02,83.3,34.1,88.2,0.92,HEAVY RAIN
WX-MINE-03-2026-07-08,2026-07-08,MINE-03,87.7,26.2,35.1,0.9,HEAVY RAIN
WX-MINE-04-2026-07-08,2026-07-08,MINE-04,89.4,34.3,42.9,0.94,HEAVY RAIN
WX-MINE-01-2026-07-09,2026-07-09,MINE-01,21.2,41.4,42.5,0.41,LIGHT RAIN
WX-MINE-02-2026-07-09,2026-07-09,MINE-02,52.7,28.1,76.8,0.61,HEAVY RAIN
WX-MINE-03-2026-07-09,2026-07-09,MINE-03,76.9,36.1,54.5,0.87,HEAVY RAIN
WX-MINE-04-2026-07-09,2026-07-09,MINE-04,21.3,34.1,46.8,0.34,LIGHT RAIN
WX-MINE-01-2026-07-10,2026-07-10,MINE-01,37.2,24.9,59.0,0.5,LIGHT RAIN
WX-MINE-02-2026-07-10,2026-07-10,MINE-02,1.0,24.4,84.5,0.22,CLEAR
WX-MINE-03-2026-07-10,2026-07-10,MINE-03,84.3,39.1,77.4,0.89,HEAVY RAIN
WX-MINE-04-2026-07-10,2026-07-10,MINE-04,64.4,39.5,85.6,0.71,HEAVY RAIN
WX-MINE-01-2026-07-11,2026-07-11,MINE-01,89.7,41.9,45.8,0.93,HEAVY RAIN
WX-MINE-02-2026-07-11,2026-07-11,MINE-02,61.9,28.6,85.1,0.76,HEAVY RAIN
WX-MINE-03-2026-07-11,2026-07-11,MINE-03,16.0,27.5,70.6,0.35,LIGHT RAIN
WX-MINE-04-2026-07-11,2026-07-11,MINE-04,94.7,36.1,50.1,0.94,HEAVY RAIN
WX-MINE-01-2026-07-12,2026-07-12,MINE-01,17.4,36.4,60.9,0.36,LIGHT RAIN
WX-MINE-02-2026-07-12,2026-07-12,MINE-02,28.9,37.0,70.6,0.45,LIGHT RAIN
WX-MINE-03-2026-07-12,2026-07-12,MINE-03,44.6,34.3,74.2,0.59,HEAVY RAIN
WX-MINE-04-2026-07-12,2026-07-12,MINE-04,83.1,23.7,80.9,0.85,HEAVY RAIN
WX-MINE-01-2026-07-13,2026-07-13,MINE-01,71.8,28.3,82.2,0.78,HEAVY RAIN
WX-MINE-02-2026-07-13,2026-07-13,MINE-02,2.6,36.7,53.3,0.24,CLEAR
WX-MINE-03-2026-07-13,2026-07-13,MINE-03,3.6,25.4,89.2,0.25,CLEAR
WX-MINE-04-2026-07-13,2026-07-13,MINE-04,16.1,35.3,57.9,0.35,LIGHT RAIN
WX-MINE-01-2026-07-14,2026-07-14,MINE-01,30.4,37.2,43.1,0.43,LIGHT RAIN
WX-MINE-02-2026-07-14,2026-07-14,MINE-02,18.6,34.2,72.9,0.35,LIGHT RAIN
WX-MINE-03-2026-07-14,2026-07-14,MINE-03,82.4,40.8,52.1,0.89,HEAVY RAIN
WX-MINE-04-2026-07-14,2026-07-14,MINE-04,52.3,38.7,39.7,0.68,HEAVY RAIN
WX-MINE-01-2026-07-15,2026-07-15,MINE-01,88.4,25.7,39.8,0.92,HEAVY RAIN
WX-MINE-02-2026-07-15,2026-07-15,MINE-02,16.6,25.4,35.6,0.35,LIGHT RAIN
WX-MINE-03-2026-07-15,2026-07-15,MINE-03,85.2,40.9,51.9,0.93,HEAVY RAIN
WX-MINE-04-2026-07-15,2026-07-15,MINE-04,3.5,36.9,75.6,0.21,CLEAR
WX-MINE-01-2026-07-16,2026-07-16,MINE-01,38.0,27.6,66.1,0.51,LIGHT RAIN
WX-MINE-02-2026-07-16,2026-07-16,MINE-02,1.1,26.0,88.9,0.19,CLEAR
WX-MINE-03-2026-07-16,2026-07-16,MINE-03,22.4,29.1,55.0,0.41,LIGHT RAIN
WX-MINE-04-2026-07-16,2026-07-16,MINE-04,81.4,35.7,44.4,0.92,HEAVY RAIN
WX-MINE-01-2026-07-17,2026-07-17,MINE-01,27.5,33.4,89.7,0.42,LIGHT RAIN
WX-MINE-02-2026-07-17,2026-07-17,MINE-02,69.6,27.8,53.8,0.83,HEAVY RAIN
WX-MINE-03-2026-07-17,2026-07-17,MINE-03,74.5,27.4,63.2,0.79,HEAVY RAIN
WX-MINE-04-2026-07-17,2026-07-17,MINE-04,35.9,40.4,63.4,0.51,LIGHT RAIN
WX-MINE-01-2026-07-18,2026-07-18,MINE-01,52.4,28.5,66.0,0.65,HEAVY RAIN
WX-MINE-02-2026-07-18,2026-07-18,MINE-02,1.3,24.1,54.7,0.25,CLEAR
WX-MINE-03-2026-07-18,2026-07-18,MINE-03,53.0,28.7,84.7,0.61,HEAVY RAIN
WX-MINE-04-2026-07-18,2026-07-18,MINE-04,28.0,32.9,76.4,0.43,LIGHT RAIN
WX-MINE-01-2026-07-19,2026-07-19,MINE-01,62.5,35.9,75.2,0.72,HEAVY RAIN
WX-MINE-02-2026-07-19,2026-07-19,MINE-02,72.9,34.0,61.5,0.8,HEAVY RAIN
WX-MINE-03-2026-07-19,2026-07-19,MINE-03,89.3,26.7,86.4,0.95,HEAVY RAIN
WX-MINE-04-2026-07-19,2026-07-19,MINE-04,49.1,27.4,66.8,0.62,HEAVY RAIN
WX-MINE-01-2026-07-20,2026-07-20,MINE-01,28.3,28.0,67.8,0.46,LIGHT RAIN
WX-MINE-02-2026-07-20,2026-07-20,MINE-02,91.1,33.4,42.7,0.95,HEAVY RAIN
WX-MINE-03-2026-07-20,2026-07-20,MINE-03,0.2,23.8,78.6,0.17,CLEAR
WX-MINE-04-2026-07-20,2026-07-20,MINE-04,46.7,31.2,71.2,0.56,HEAVY RAIN
WX-MINE-01-2026-07-21,2026-07-21,MINE-01,39.6,25.7,82.2,0.52,LIGHT RAIN
WX-MINE-02-2026-07-21,2026-07-21,MINE-02,0.6,33.1,77.7,0.16,CLEAR
WX-MINE-03-2026-07-21,2026-07-21,MINE-03,23.0,33.0,56.7,0.36,LIGHT RAIN
WX-MINE-04-2026-07-21,2026-07-21,MINE-04,45.1,31.3,48.4,0.62,HEAVY RAIN
WX-MINE-01-2026-07-22,2026-07-22,MINE-01,40.5,40.7,57.0,0.52,HEAVY RAIN
WX-MINE-02-2026-07-22,2026-07-22,MINE-02,69.0,39.5,67.8,0.78,HEAVY RAIN
WX-MINE-03-2026-07-22,2026-07-22,MINE-03,68.6,41.4,36.5,0.81,HEAVY RAIN
WX-MINE-04-2026-07-22,2026-07-22,MINE-04,33.8,29.2,62.6,0.43,LIGHT RAIN
WX-MINE-01-2026-07-23,2026-07-23,MINE-01,46.9,23.5,47.7,0.59,HEAVY RAIN
WX-MINE-02-2026-07-23,2026-07-23,MINE-02,39.2,23.9,56.1,0.49,LIGHT RAIN
WX-MINE-03-2026-07-23,2026-07-23,MINE-03,39.9,35.5,61.4,0.51,LIGHT RAIN
WX-MINE-04-2026-07-23,2026-07-23,MINE-04,0.7,30.0,63.5,0.17,CLEAR
WX-MINE-01-2026-07-24,2026-07-24,MINE-01,1.4,36.7,71.1,0.2,CLEAR
WX-MINE-02-2026-07-24,2026-07-24,MINE-02,0.6,24.6,62.9,0.22,CLEAR
WX-MINE-03-2026-07-24,2026-07-24,MINE-03,67.3,35.4,58.2,0.72,HEAVY RAIN
WX-MINE-04-2026-07-24,2026-07-24,MINE-04,74.4,24.3,79.4,0.86,HEAVY RAIN
WX-MINE-01-2026-07-25,2026-07-25,MINE-01,77.5,36.2,81.4,0.89,HEAVY RAIN
WX-MINE-02-2026-07-25,2026-07-25,MINE-02,29.3,30.5,76.8,0.48,LIGHT RAIN
WX-MINE-03-2026-07-25,2026-07-25,MINE-03,15.6,41.0,73.9,0.31,LIGHT RAIN
WX-MINE-04-2026-07-25,2026-07-25,MINE-04,64.2,39.4,58.9,0.73,HEAVY RAIN
WX-MINE-01-2026-07-26,2026-07-26,MINE-01,84.4,31.2,37.8,0.91,HEAVY RAIN
WX-MINE-02-2026-07-26,2026-07-26,MINE-02,49.1,35.5,77.2,0.56,HEAVY RAIN
WX-MINE-03-2026-07-26,2026-07-26,MINE-03,38.5,30.3,59.6,0.5,LIGHT RAIN
WX-MINE-04-2026-07-26,2026-07-26,MINE-04,23.9,36.6,64.2,0.39,LIGHT RAIN
WX-MINE-01-2026-07-27,2026-07-27,MINE-01,57.8,24.5,43.0,0.68,HEAVY RAIN
WX-MINE-02-2026-07-27,2026-07-27,MINE-02,1.4,31.2,68.9,0.25,CLEAR
WX-MINE-03-2026-07-27,2026-07-27,MINE-03,3.7,38.4,66.3,0.18,CLEAR
WX-MINE-04-2026-07-27,2026-07-27,MINE-04,18.1,34.2,74.8,0.38,LIGHT RAIN
WX-MINE-01-2026-07-28,2026-07-28,MINE-01,56.0,36.5,53.6,0.68,HEAVY RAIN
WX-MINE-02-2026-07-28,2026-07-28,MINE-02,47.1,25.7,76.1,0.61,HEAVY RAIN
WX-MINE-03-2026-07-28,2026-07-28,MINE-03,0.3,40.2,88.1,0.23,CLEAR
WX-MINE-04-2026-07-28,2026-07-28,MINE-04,94.6,34.3,64.7,0.95,HEAVY RAIN
WX-MINE-01-2026-07-29,2026-07-29,MINE-01,0.2,33.5,46.8,0.25,CLEAR
WX-MINE-02-2026-07-29,2026-07-29,MINE-02,70.1,25.7,62.6,0.74,HEAVY RAIN
WX-MINE-03-2026-07-29,2026-07-29,MINE-03,29.5,27.7,35.3,0.42,LIGHT RAIN
WX-MINE-04-2026-07-29,2026-07-29,MINE-04,2.6,27.5,60.4,0.25,CLEAR
WX-MINE-01-2026-07-30,2026-07-30,MINE-01,22.8,26.5,74.0,0.36,LIGHT RAIN
WX-MINE-02-2026-07-30,2026-07-30,MINE-02,73.3,34.2,60.3,0.8,HEAVY RAIN
WX-MINE-03-2026-07-30,2026-07-30,MINE-03,58.3,31.5,65.7,0.67,HEAVY RAIN
WX-MINE-04-2026-07-30,2026-07-30,MINE-04,80.8,25.0,82.0,0.87,HEAVY RAIN
WX-MINE-01-2026-07-31,2026-07-31,MINE-01,28.6,29.8,57.2,0.45,LIGHT RAIN
WX-MINE-02-2026-07-31,2026-07-31,MINE-02,21.3,31.7,89.2,0.34,LIGHT RAIN
WX-MINE-03-2026-07-31,2026-07-31,MINE-03,2.1,28.1,76.3,0.21,CLEAR
WX-MINE-04-2026-07-31,2026-07-31,MINE-04,27.5,33.7,69.3,0.44,LIGHT RAIN
WX-MINE-01-2026-08-01,2026-08-01,MINE-01,76.2,37.0,50.6,0.86,HEAVY RAIN
WX-MINE-02-2026-08-01,2026-08-01,MINE-02,1.5,32.8,55.8,0.26,CLEAR
WX-MINE-03-2026-08-01,2026-08-01,MINE-03,46.7,26.2,41.1,0.57,HEAVY RAIN
WX-MINE-04-2026-08-01,2026-08-01,MINE-04,3.1,41.7,88.8,0.23,CLEAR
WX-MINE-01-2026-08-02,2026-08-02,MINE-01,32.4,40.0,50.3,0.5,LIGHT RAIN
WX-MINE-02-2026-08-02,2026-08-02,MINE-02,68.1,35.7,69.8,0.78,HEAVY RAIN
WX-MINE-03-2026-08-02,2026-08-02,MINE-03,57.6,26.5,57.2,0.71,HEAVY RAIN
WX-MINE-04-2026-08-02,2026-08-02,MINE-04,89.0,25.1,83.0,0.93,HEAVY RAIN
WX-MINE-01-2026-08-03,2026-08-03,MINE-01,81.4,37.3,71.1,0.9,HEAVY RAIN
WX-MINE-02-2026-08-03,2026-08-03,MINE-02,61.4,30.4,58.0,0.68,HEAVY RAIN
WX-MINE-03-2026-08-03,2026-08-03,MINE-03,32.9,34.2,62.7,0.43,LIGHT RAIN
WX-MINE-04-2026-08-03,2026-08-03,MINE-04,47.7,22.5,68.5,0.56,HEAVY RAIN
WX-MINE-01-2026-08-04,2026-08-04,MINE-01,69.7,41.0,36.2,0.79,HEAVY RAIN
WX-MINE-02-2026-08-04,2026-08-04,MINE-02,1.6,32.2,45.6,0.25,CLEAR
WX-MINE-03-2026-08-04,2026-08-04,MINE-03,72.8,26.8,61.0,0.83,HEAVY RAIN
WX-MINE-04-2026-08-04,2026-08-04,MINE-04,25.6,23.3,36.7,0.42,LIGHT RAIN
WX-MINE-01-2026-08-05,2026-08-05,MINE-01,69.7,30.9,48.3,0.75,HEAVY RAIN
WX-MINE-02-2026-08-05,2026-08-05,MINE-02,66.3,38.1,81.1,0.79,HEAVY RAIN
WX-MINE-03-2026-08-05,2026-08-05,MINE-03,1.0,36.4,38.8,0.23,CLEAR
WX-MINE-04-2026-08-05,2026-08-05,MINE-04,1.6,32.4,60.9,0.2,CLEAR
WX-MINE-01-2026-08-06,2026-08-06,MINE-01,3.8,39.7,64.6,0.25,CLEAR
WX-MINE-02-2026-08-06,2026-08-06,MINE-02,94.1,36.3,59.1,0.95,HEAVY RAIN
WX-MINE-03-2026-08-06,2026-08-06,MINE-03,79.9,38.6,74.9,0.82,HEAVY RAIN
WX-MINE-04-2026-08-06,2026-08-06,MINE-04,89.2,34.6,59.2,0.95,HEAVY RAIN
WX-MINE-01-2026-08-07,2026-08-07,MINE-01,82.8,37.2,66.9,0.92,HEAVY RAIN
WX-MINE-02-2026-08-07,2026-08-07,MINE-02,1.5,35.1,42.8,0.19,CLEAR
WX-MINE-03-2026-08-07,2026-08-07,MINE-03,36.2,28.6,73.2,0.5,LIGHT RAIN
WX-MINE-04-2026-08-07,2026-08-07,MINE-04,3.0,37.1,53.8,0.24,CLEAR
WX-MINE-01-2026-08-08,2026-08-08,MINE-01,51.0,27.2,50.1,0.58,HEAVY RAIN
WX-MINE-02-2026-08-08,2026-08-08,MINE-02,56.7,22.5,83.4,0.68,HEAVY RAIN
WX-MINE-03-2026-08-08,2026-08-08,MINE-03,1.2,36.3,66.2,0.19,CLEAR
WX-MINE-04-2026-08-08,2026-08-08,MINE-04,2.7,25.1,79.3,0.19,CLEAR
WX-MINE-01-2026-08-09,2026-08-09,MINE-01,83.7,27.1,47.5,0.93,HEAVY RAIN
WX-MINE-02-2026-08-09,2026-08-09,MINE-02,26.9,22.2,55.0,0.43,LIGHT RAIN
WX-MINE-03-2026-08-09,2026-08-09,MINE-03,2.1,31.5,84.5,0.26,CLEAR
WX-MINE-04-2026-08-09,2026-08-09,MINE-04,62.0,32.0,63.8,0.7,HEAVY RAIN
WX-MINE-01-2026-08-10,2026-08-10,MINE-01,2.6,39.4,61.5,0.22,CLEAR
WX-MINE-02-2026-08-10,2026-08-10,MINE-02,68.5,23.3,47.4,0.74,HEAVY RAIN
WX-MINE-03-2026-08-10,2026-08-10,MINE-03,63.7,36.6,41.6,0.7,HEAVY RAIN
WX-MINE-04-2026-08-10,2026-08-10,MINE-04,60.6,34.8,35.7,0.73,HEAVY RAIN
WX-MINE-01-2026-08-11,2026-08-11,MINE-01,3.2,40.0,75.8,0.21,CLEAR
WX-MINE-02-2026-08-11,2026-08-11,MINE-02,65.1,41.0,62.9,0.72,HEAVY RAIN
WX-MINE-03-2026-08-11,2026-08-11,MINE-03,3.4,32.8,39.4,0.26,CLEAR
WX-MINE-04-2026-08-11,2026-08-11,MINE-04,56.8,26.9,78.8,0.64,HEAVY RAIN
WX-MINE-01-2026-08-12,2026-08-12,MINE-01,3.4,26.6,74.5,0.2,CLEAR
WX-MINE-02-2026-08-12,2026-08-12,MINE-02,1.1,27.5,75.9,0.23,CLEAR
WX-MINE-03-2026-08-12,2026-08-12,MINE-03,3.6,24.7,51.7,0.2,CLEAR
WX-MINE-04-2026-08-12,2026-08-12,MINE-04,75.9,31.5,40.4,0.87,HEAVY RAIN
WX-MINE-01-2026-08-13,2026-08-13,MINE-01,78.2,23.5,61.3,0.85,HEAVY RAIN
WX-MINE-02-2026-08-13,2026-08-13,MINE-02,23.0,33.8,67.9,0.37,LIGHT RAIN
WX-MINE-03-2026-08-13,2026-08-13,MINE-03,49.4,40.1,74.6,0.61,HEAVY RAIN
WX-MINE-04-2026-08-13,2026-08-13,MINE-04,62.1,34.7,76.6,0.77,HEAVY RAIN
WX-MINE-01-2026-08-14,2026-08-14,MINE-01,47.6,27.4,69.7,0.58,HEAVY RAIN
WX-MINE-02-2026-08-14,2026-08-14,MINE-02,37.7,34.9,49.5,0.52,LIGHT RAIN
WX-MINE-03-2026-08-14,2026-08-14,MINE-03,69.2,32.1,69.4,0.74,HEAVY RAIN
WX-MINE-04-2026-08-14,2026-08-14,MINE-04,0.7,22.1,84.1,0.21,CLEAR
WX-MINE-01-2026-08-15,2026-08-15,MINE-01,29.3,37.2,72.0,0.4,LIGHT RAIN
WX-MINE-02-2026-08-15,2026-08-15,MINE-02,1.4,35.7,80.2,0.18,CLEAR
WX-MINE-03-2026-08-15,2026-08-15,MINE-03,33.5,28.1,51.8,0.51,LIGHT RAIN
WX-MINE-04-2026-08-15,2026-08-15,MINE-04,69.8,40.6,46.6,0.8,HEAVY RAIN
WX-MINE-01-2026-08-16,2026-08-16,MINE-01,30.4,29.9,44.4,0.42,LIGHT RAIN
WX-MINE-02-2026-08-16,2026-08-16,MINE-02,1.3,32.3,61.1,0.22,CLEAR
WX-MINE-03-2026-08-16,2026-08-16,MINE-03,73.1,26.6,49.5,0.85,HEAVY RAIN
WX-MINE-04-2026-08-16,2026-08-16,MINE-04,1.5,28.1,75.0,0.25,CLEAR
WX-MINE-01-2026-08-17,2026-08-17,MINE-01,39.6,33.3,76.9,0.48,LIGHT RAIN
WX-MINE-02-2026-08-17,2026-08-17,MINE-02,0.2,30.2,70.5,0.17,CLEAR
WX-MINE-03-2026-08-17,2026-08-17,MINE-03,36.9,38.4,46.1,0.52,LIGHT RAIN
WX-MINE-04-2026-08-17,2026-08-17,MINE-04,81.6,22.5,58.5,0.87,HEAVY RAIN
WX-MINE-01-2026-08-18,2026-08-18,MINE-01,74.1,37.9,69.0,0.81,HEAVY RAIN
WX-MINE-02-2026-08-18,2026-08-18,MINE-02,21.0,25.2,74.8,0.42,LIGHT RAIN
WX-MINE-03-2026-08-18,2026-08-18,MINE-03,91.2,40.9,78.0,0.95,HEAVY RAIN
WX-MINE-04-2026-08-18,2026-08-18,MINE-04,2.8,27.0,89.3,0.23,CLEAR
WX-MINE-01-2026-08-19,2026-08-19,MINE-01,19.5,28.9,64.6,0.36,LIGHT RAIN
WX-MINE-02-2026-08-19,2026-08-19,MINE-02,52.7,39.6,39.1,0.69,HEAVY RAIN
WX-MINE-03-2026-08-19,2026-08-19,MINE-03,3.3,39.5,67.4,0.23,CLEAR
WX-MINE-04-2026-08-19,2026-08-19,MINE-04,50.1,28.6,65.1,0.63,HEAVY RAIN
WX-MINE-01-2026-08-20,2026-08-20,MINE-01,80.4,35.8,42.7,0.9,HEAVY RAIN
WX-MINE-02-2026-08-20,2026-08-20,MINE-02,2.8,36.8,87.6,0.21,CLEAR
WX-MINE-03-2026-08-20,2026-08-20,MINE-03,3.0,26.3,52.7,0.2,CLEAR
WX-MINE-04-2026-08-20,2026-08-20,MINE-04,30.9,41.4,49.2,0.47,LIGHT RAIN
WX-MINE-01-2026-08-21,2026-08-21,MINE-01,0.6,34.8,58.5,0.24,CLEAR
WX-MINE-02-2026-08-21,2026-08-21,MINE-02,3.3,23.2,89.4,0.21,CLEAR
WX-MINE-03-2026-08-21,2026-08-21,MINE-03,94.7,41.2,83.0,0.95,HEAVY RAIN
WX-MINE-04-2026-08-21,2026-08-21,MINE-04,37.6,28.7,38.7,0.47,LIGHT RAIN
WX-MINE-01-2026-08-22,2026-08-22,MINE-01,59.7,24.2,43.7,0.7,HEAVY RAIN
WX-MINE-02-2026-08-22,2026-08-22,MINE-02,2.3,31.4,70.8,0.19,CLEAR
WX-MINE-03-2026-08-22,2026-08-22,MINE-03,69.7,38.4,60.6,0.82,HEAVY RAIN
WX-MINE-04-2026-08-22,2026-08-22,MINE-04,0.6,28.6,45.0,0.21,CLEAR
WX-MINE-01-2026-08-23,2026-08-23,MINE-01,77.5,36.8,87.2,0.88,HEAVY RAIN
WX-MINE-02-2026-08-23,2026-08-23,MINE-02,38.5,34.5,56.4,0.47,LIGHT RAIN
WX-MINE-03-2026-08-23,2026-08-23,MINE-03,27.0,39.1,67.1,0.45,LIGHT RAIN
WX-MINE-04-2026-08-23,2026-08-23,MINE-04,67.3,26.0,80.2,0.8,HEAVY RAIN
WX-MINE-01-2026-08-24,2026-08-24,MINE-01,2.9,33.5,45.4,0.19,CLEAR
WX-MINE-02-2026-08-24,2026-08-24,MINE-02,23.1,32.7,86.9,0.35,LIGHT RAIN
WX-MINE-03-2026-08-24,2026-08-24,MINE-03,42.9,23.4,82.9,0.6,HEAVY RAIN
WX-MINE-04-2026-08-24,2026-08-24,MINE-04,0.8,25.3,89.5,0.18,CLEAR
WX-MINE-01-2026-08-25,2026-08-25,MINE-01,3.1,22.5,83.3,0.27,CLEAR
WX-MINE-02-2026-08-25,2026-08-25,MINE-02,90.8,22.5,82.7,0.95,HEAVY RAIN
WX-MINE-03-2026-08-25,2026-08-25,MINE-03,18.9,30.8,45.9,0.38,LIGHT RAIN
WX-MINE-04-2026-08-25,2026-08-25,MINE-04,25.0,41.4,62.9,0.42,LIGHT RAIN
WX-MINE-01-2026-08-26,2026-08-26,MINE-01,28.0,26.2,86.7,0.46,LIGHT RAIN
WX-MINE-02-2026-08-26,2026-08-26,MINE-02,94.6,30.3,46.6,0.95,HEAVY RAIN
WX-MINE-03-2026-08-26,2026-08-26,MINE-03,53.2,32.2,87.0,0.59,HEAVY RAIN
WX-MINE-04-2026-08-26,2026-08-26,MINE-04,48.6,41.2,40.5,0.59,HEAVY RAIN
WX-MINE-01-2026-08-27,2026-08-27,MINE-01,20.2,40.9,70.9,0.34,LIGHT RAIN
WX-MINE-02-2026-08-27,2026-08-27,MINE-02,2.6,38.2,83.2,0.17,CLEAR
WX-MINE-03-2026-08-27,2026-08-27,MINE-03,2.9,39.9,37.5,0.26,CLEAR
WX-MINE-04-2026-08-27,2026-08-27,MINE-04,15.7,32.4,42.7,0.33,LIGHT RAIN
WX-MINE-01-2026-08-28,2026-08-28,MINE-01,62.7,26.2,75.7,0.7,HEAVY RAIN
WX-MINE-02-2026-08-28,2026-08-28,MINE-02,80.9,30.4,44.6,0.88,HEAVY RAIN
WX-MINE-03-2026-08-28,2026-08-28,MINE-03,79.8,35.4,55.1,0.91,HEAVY RAIN
WX-MINE-04-2026-08-28,2026-08-28,MINE-04,0.1,26.1,57.2,0.19,CLEAR
WX-MINE-01-2026-08-29,2026-08-29,MINE-01,2.5,22.6,36.4,0.17,CLEAR
WX-MINE-02-2026-08-29,2026-08-29,MINE-02,73.8,24.9,57.4,0.82,HEAVY RAIN
WX-MINE-03-2026-08-29,2026-08-29,MINE-03,2.9,25.4,40.5,0.21,CLEAR
WX-MINE-04-2026-08-29,2026-08-29,MINE-04,48.6,23.3,88.3,0.6,HEAVY RAIN
WX-MINE-01-2026-08-30,2026-08-30,MINE-01,86.9,30.8,82.1,0.95,HEAVY RAIN
WX-MINE-02-2026-08-30,2026-08-30,MINE-02,53.1,40.0,49.1,0.62,HEAVY RAIN
WX-MINE-03-2026-08-30,2026-08-30,MINE-03,91.6,35.4,40.3,0.95,HEAVY RAIN
WX-MINE-04-2026-08-30,2026-08-30,MINE-04,2.3,24.5,63.3,0.25,CLEAR
WX-MINE-01-2026-08-31,2026-08-31,MINE-01,67.7,36.9,74.4,0.74,HEAVY RAIN
WX-MINE-02-2026-08-31,2026-08-31,MINE-02,35.0,27.0,75.2,0.47,LIGHT RAIN
WX-MINE-03-2026-08-31,2026-08-31,MINE-03,1.8,33.8,63.4,0.26,CLEAR
WX-MINE-04-2026-08-31,2026-08-31,MINE-04,87.0,28.6,55.6,0.89,HEAVY RAIN
WX-MINE-01-2026-09-01,2026-09-01,MINE-01,3.4,37.0,79.0,0.24,CLEAR
WX-MINE-02-2026-09-01,2026-09-01,MINE-02,3.9,22.3,69.9,0.27,CLEAR
WX-MINE-03-2026-09-01,2026-09-01,MINE-03,46.7,22.2,61.4,0.62,HEAVY RAIN
WX-MINE-04-2026-09-01,2026-09-01,MINE-04,84.6,41.4,57.3,0.95,HEAVY RAIN
WX-MINE-01-2026-09-02,2026-09-02,MINE-01,36.0,30.8,76.0,0.52,LIGHT RAIN
WX-MINE-02-2026-09-02,2026-09-02,MINE-02,42.0,41.9,45.2,0.53,HEAVY RAIN
WX-MINE-03-2026-09-02,2026-09-02,MINE-03,3.1,31.1,40.3,0.26,CLEAR
WX-MINE-04-2026-09-02,2026-09-02,MINE-04,1.1,37.6,58.5,0.16,CLEAR
WX-MINE-01-2026-09-03,2026-09-03,MINE-01,22.6,41.5,80.7,0.35,LIGHT RAIN
WX-MINE-02-2026-09-03,2026-09-03,MINE-02,0.5,29.0,59.9,0.21,CLEAR
WX-MINE-03-2026-09-03,2026-09-03,MINE-03,3.9,41.4,45.0,0.26,CLEAR
WX-MINE-04-2026-09-03,2026-09-03,MINE-04,2.0,24.8,72.4,0.24,CLEAR
WX-MINE-01-2026-09-04,2026-09-04,MINE-01,74.6,32.5,77.9,0.83,HEAVY RAIN
WX-MINE-02-2026-09-04,2026-09-04,MINE-02,18.8,32.7,64.7,0.38,LIGHT RAIN
WX-MINE-03-2026-09-04,2026-09-04,MINE-03,0.7,25.2,72.4,0.22,CLEAR
WX-MINE-04-2026-09-04,2026-09-04,MINE-04,0.9,40.6,74.4,0.21,CLEAR
WX-MINE-01-2026-09-05,2026-09-05,MINE-01,1.7,26.0,37.7,0.26,CLEAR
WX-MINE-02-2026-09-05,2026-09-05,MINE-02,46.2,32.4,58.2,0.58,HEAVY RAIN
WX-MINE-03-2026-09-05,2026-09-05,MINE-03,72.7,28.0,39.1,0.83,HEAVY RAIN
WX-MINE-04-2026-09-05,2026-09-05,MINE-04,0.8,36.7,67.7,0.16,CLEAR
WX-MINE-01-2026-09-06,2026-09-06,MINE-01,0.6,31.6,43.8,0.25,CLEAR
WX-MINE-02-2026-09-06,2026-09-06,MINE-02,3.9,29.8,43.8,0.22,CLEAR
WX-MINE-03-2026-09-06,2026-09-06,MINE-03,34.9,29.0,47.4,0.54,LIGHT RAIN
WX-MINE-04-2026-09-06,2026-09-06,MINE-04,47.1,36.5,67.2,0.61,HEAVY RAIN
WX-MINE-01-2026-09-07,2026-09-07,MINE-01,26.4,27.5,53.0,0.43,LIGHT RAIN
WX-MINE-02-2026-09-07,2026-09-07,MINE-02,56.9,37.4,67.9,0.65,HEAVY RAIN
WX-MINE-03-2026-09-07,2026-09-07,MINE-03,80.8,32.8,68.6,0.84,HEAVY RAIN
WX-MINE-04-2026-09-07,2026-09-07,MINE-04,3.0,36.4,83.1,0.27,CLEAR
WX-MINE-01-2026-09-08,2026-09-08,MINE-01,82.0,27.1,69.5,0.88,HEAVY RAIN
WX-MINE-02-2026-09-08,2026-09-08,MINE-02,71.8,39.3,61.8,0.78,HEAVY RAIN
WX-MINE-03-2026-09-08,2026-09-08,MINE-03,22.1,36.6,87.8,0.42,LIGHT RAIN
WX-MINE-04-2026-09-08,2026-09-08,MINE-04,83.0,31.9,73.6,0.88,HEAVY RAIN
WX-MINE-01-2026-09-09,2026-09-09,MINE-01,23.4,37.4,81.3,0.42,LIGHT RAIN
WX-MINE-02-2026-09-09,2026-09-09,MINE-02,2.6,28.6,71.7,0.2,CLEAR
WX-MINE-03-2026-09-09,2026-09-09,MINE-03,16.0,36.3,61.7,0.34,LIGHT RAIN
WX-MINE-04-2026-09-09,2026-09-09,MINE-04,49.7,27.3,89.9,0.65,HEAVY RAIN
WX-MINE-01-2026-09-10,2026-09-10,MINE-01,63.5,33.3,68.4,0.77,HEAVY RAIN
WX-MINE-02-2026-09-10,2026-09-10,MINE-02,0.2,24.2,81.1,0.22,CLEAR
WX-MINE-03-2026-09-10,2026-09-10,MINE-03,22.6,41.3,48.1,0.4,LIGHT RAIN
WX-MINE-04-2026-09-10,2026-09-10,MINE-04,2.4,38.3,74.5,0.17,CLEAR
WX-MINE-01-2026-09-11,2026-09-11,MINE-01,50.2,31.2,82.5,0.57,HEAVY RAIN
WX-MINE-02-2026-09-11,2026-09-11,MINE-02,79.4,36.9,58.7,0.9,HEAVY RAIN
WX-MINE-03-2026-09-11,2026-09-11,MINE-03,29.5,34.6,53.1,0.43,LIGHT RAIN
WX-MINE-04-2026-09-11,2026-09-11,MINE-04,17.3,31.1,84.0,0.33,LIGHT RAIN
WX-MINE-01-2026-09-12,2026-09-12,MINE-01,1.4,41.3,50.2,0.24,CLEAR
WX-MINE-02-2026-09-12,2026-09-12,MINE-02,70.9,34.7,77.3,0.76,HEAVY RAIN
WX-MINE-03-2026-09-12,2026-09-12,MINE-03,84.1,35.0,75.7,0.93,HEAVY RAIN
WX-MINE-04-2026-09-12,2026-09-12,MINE-04,0.7,32.0,39.9,0.19,CLEAR
WX-MINE-01-2026-09-13,2026-09-13,MINE-01,79.4,41.3,52.4,0.84,HEAVY RAIN
WX-MINE-02-2026-09-13,2026-09-13,MINE-02,0.4,30.1,69.2,0.22,CLEAR
WX-MINE-03-2026-09-13,2026-09-13,MINE-03,0.8,39.1,61.7,0.19,CLEAR
WX-MINE-04-2026-09-13,2026-09-13,MINE-04,43.9,25.2,44.3,0.52,HEAVY RAIN
WX-MINE-01-2026-09-14,2026-09-14,MINE-01,39.8,32.1,70.3,0.51,LIGHT RAIN
WX-MINE-02-2026-09-14,2026-09-14,MINE-02,29.2,34.4,39.2,0.4,LIGHT RAIN
WX-MINE-03-2026-09-14,2026-09-14,MINE-03,3.7,35.3,81.9,0.2,CLEAR
WX-MINE-04-2026-09-14,2026-09-14,MINE-04,43.3,24.7,56.2,0.6,HEAVY RAIN
WX-MINE-01-2026-09-15,2026-09-15,MINE-01,3.5,38.0,68.7,0.28,CLEAR
WX-MINE-02-2026-09-15,2026-09-15,MINE-02,33.0,38.5,48.5,0.44,LIGHT RAIN
WX-MINE-03-2026-09-15,2026-09-15,MINE-03,0.1,26.5,73.2,0.17,CLEAR
WX-MINE-04-2026-09-15,2026-09-15,MINE-04,1.8,38.2,43.0,0.19,CLEAR
WX-MINE-01-2026-09-16,2026-09-16,MINE-01,3.4,31.7,59.1,0.23,CLEAR
WX-MINE-02-2026-09-16,2026-09-16,MINE-02,0.8,25.7,63.5,0.2,CLEAR
WX-MINE-03-2026-09-16,2026-09-16,MINE-03,87.2,29.7,49.4,0.95,HEAVY RAIN
WX-MINE-04-2026-09-16,2026-09-16,MINE-04,79.1,30.6,55.0,0.9,HEAVY RAIN
WX-MINE-01-2026-09-17,2026-09-17,MINE-01,58.2,23.5,73.1,0.67,HEAVY RAIN
WX-MINE-02-2026-09-17,2026-09-17,MINE-02,2.8,37.9,66.8,0.18,CLEAR
WX-MINE-03-2026-09-17,2026-09-17,MINE-03,3.9,36.2,64.4,0.19,CLEAR
WX-MINE-04-2026-09-17,2026-09-17,MINE-04,0.9,29.0,73.6,0.26,CLEAR
WX-MINE-01-2026-09-18,2026-09-18,MINE-01,0.9,27.4,81.0,0.2,CLEAR
WX-MINE-02-2026-09-18,2026-09-18,MINE-02,62.3,23.3,89.8,0.67,HEAVY RAIN
WX-MINE-03-2026-09-18,2026-09-18,MINE-03,67.0,39.9,61.2,0.78,HEAVY RAIN
WX-MINE-04-2026-09-18,2026-09-18,MINE-04,43.4,41.1,50.2,0.54,HEAVY RAIN
WX-MINE-01-2026-09-19,2026-09-19,MINE-01,0.1,34.0,58.7,0.23,CLEAR
WX-MINE-02-2026-09-19,2026-09-19,MINE-02,46.7,35.2,52.0,0.61,HEAVY RAIN
WX-MINE-03-2026-09-19,2026-09-19,MINE-03,33.6,38.0,62.9,0.47,LIGHT RAIN
WX-MINE-04-2026-09-19,2026-09-19,MINE-04,3.9,33.7,82.5,0.28,CLEAR
WX-MINE-01-2026-09-20,2026-09-20,MINE-01,75.4,33.7,77.6,0.79,HEAVY RAIN
WX-MINE-02-2026-09-20,2026-09-20,MINE-02,48.1,25.2,45.7,0.65,HEAVY RAIN
WX-MINE-03-2026-09-20,2026-09-20,MINE-03,4.0,38.7,36.6,0.28,CLEAR
WX-MINE-04-2026-09-20,2026-09-20,MINE-04,1.3,23.9,57.2,0.23,CLEAR
